city,N,dist,improver,strategy,cf,sl_var,acceptance,constructor,overflows,kg,ncol,kg_lost,km,kgkm,reward,profit,time,days
Figueira da Foz,350,Empirical,CLS,LA,,,custom,ACO_HH,9.0,35642.0,2906.0,28.999999999999993,4269.7399,8.347581078650716,31363.2601,16534.495499999997,564.4711053840001,16
Figueira da Foz,350,Empirical,CLS,LA,,,custom_bmc,ALNS,4.0,37400.5,4233.0,8.499999999999993,5122.044499999999,7.3018694000022855,32274.4555,16708.62735,972.142214159001,16
Figueira da Foz,350,Empirical,CLS,LA,,,custom,BPC,11.0,35153.0,2094.0,24.999999999999993,3721.515,9.445884270250154,31420.485,16797.291100000002,1298.6296221569937,16
Figueira da Foz,350,Empirical,CLS,LA,,,custom_oi,HGS,16.0,33839.5,2210.0,26.999999999999993,8511.115399999999,3.975918362004586,25312.3846,11241.000750000001,2525.5572495740053,19
Figueira da Foz,350,Empirical,CLS,LA,,,custom,PG-CLNS,4.0,37171.0,4106.0,8.499999999999993,4669.916500000001,7.959671227526229,32497.0835,17026.7962,2247.627429872009,16
Figueira da Foz,350,Empirical,CLS,LA,,,bmc,PSOMA,4.0,37160.5,3392.0,8.499999999999993,7958.149600000001,4.669490003052971,29198.3504,13732.434249999998,1042.529898179011,16
Figueira da Foz,350,Empirical,CLS,LA,,,new,SANS,5.0,36216.5,5487.0,10.999999999999993,5829.8119,6.2122930587177265,30381.6881,15309.759149999998,3961.5755311019893,16
Figueira da Foz,350,Empirical,CLS,LA,,,gurobi,SWC-TCF,4.0,36635.5,3239.0,2.0,7254.508,5.050032338512826,29376.992,14129.633349999996,1062.9786084740044,17
Figueira da Foz,350,Empirical,FTSP,LA,,,custom,ACO_HH,7.0,35562.0,2825.0,26.999999999999993,4834.5694,7.355774021984253,30720.4306,15922.969999999998,561.3156573979941,16
Figueira da Foz,350,Empirical,FTSP,LA,,,custom_bmc,ALNS,4.0,37498.0,4276.0,8.499999999999993,5922.429900000001,6.331522809581924,31571.570099999997,15965.152699999999,1008.6055215810047,16
Figueira da Foz,350,Empirical,FTSP,LA,,,custom,BPC,11.0,35153.0,2094.0,24.999999999999993,4158.2952000000005,8.45370477786185,30983.7048,16360.5109,1351.0842056769907,16
Figueira da Foz,350,Empirical,FTSP,LA,,,custom_oi,HGS,16.0,33839.5,2210.0,26.999999999999993,5200.3799,6.507120758619962,28623.1201,14551.736250000002,2605.784449180006,19
Figueira da Foz,350,Empirical,FTSP,LA,,,custom,PG-CLNS,4.0,37171.0,4106.0,8.499999999999993,5546.061999999999,6.702233043914765,31620.938000000002,16150.6507,2341.732786823006,16
Figueira da Foz,350,Empirical,FTSP,LA,,,bmc,PSOMA,6.0,37059.5,3473.0,16.999999999999993,5563.378100000001,6.661330460354653,31490.1219,16068.252050000003,1094.722600248002,16
Figueira da Foz,350,Empirical,FTSP,LA,,,new,SANS,5.0,36216.5,5487.0,10.999999999999993,6856.8365,5.281808892482706,29354.6635,14282.73455,4018.9371959749988,16
Figueira da Foz,350,Empirical,FTSP,LA,,,gurobi,SWC-TCF,2.0,36548.0,3434.0,7.999999999999994,5408.550299999999,6.757448479308773,31137.4497,15924.517300000001,1158.766704462003,18
Figueira da Foz,350,Empirical,CLS,LM,CF70,,custom,ACO_HH,4.0,36192.0,3736.0,15.5,4857.0781,7.451393462254601,31330.9219,16268.192299999999,920.0600222989888,17
Figueira da Foz,350,Empirical,CLS,LM,CF70,,custom_bmc,ALNS,3.0,37233.5,4267.0,10.0,5073.7401,7.338472067183733,32156.7599,16659.453849999998,918.7447880260006,15
Figueira da Foz,350,Empirical,CLS,LM,CF70,,custom,BPC,4.0,35968.0,3104.0,16.5,4227.4885,8.508124859476258,31736.5115,16767.0331,1637.5465503140003,15
Figueira da Foz,350,Empirical,CLS,LM,CF70,,custom_oi,HGS,5.0,36215.0,2810.0,14.499999999999993,5432.215399999999,6.666709129391299,30777.7846,15706.4801,3905.0814555749967,29
Figueira da Foz,350,Empirical,CLS,LM,CF70,,custom,PG-CLNS,3.0,36196.0,4190.0,10.0,4643.1407,7.795585432076181,31549.8593,16484.464500000002,2734.420785188995,15
Figueira da Foz,350,Empirical,CLS,LM,CF70,,bmc,PSOMA,3.0,36892.5,3397.0,10.5,8555.8132,4.311980537396492,28333.6868,12978.33905,1162.8174521449982,17
Figueira da Foz,350,Empirical,CLS,LM,CF70,,new,SANS,3.0,36217.5,5533.0,10.0,5831.906899999999,6.210232882832887,30382.593100000002,15308.247850000002,4477.2891734160075,16
Figueira da Foz,350,Empirical,CLS,LM,CF70,,gurobi,SWC-TCF,3.0,36187.5,3993.0,0.5,12527.720399999998,2.8885941611532138,23656.7796,8594.92335,1334.469011063993,21
Figueira da Foz,350,Empirical,CLS,LM,CF90,,custom,ACO_HH,17.0,33612.5,2695.0,69.5,3926.5272000000004,8.560363468257648,29668.9728,15693.08905,659.6602676990005,12
Figueira da Foz,350,Empirical,CLS,LM,CF90,,custom_bmc,ALNS,14.0,34917.5,3366.0,82.5,4385.075500000001,7.9628047453230835,30518.4245,15996.269249999998,676.2771102330007,11
Figueira da Foz,350,Empirical,CLS,LM,CF90,,custom,BPC,26.0,34710.0,1747.0,103.49999999999999,3285.9168999999993,10.563261657651783,31398.0831,16974.310100000002,1491.4959518609976,14
Figueira da Foz,350,Empirical,CLS,LM,CF90,,custom_oi,HGS,56.0,35958.5,2352.0,186.0,4524.241900000001,7.947961403213209,31378.2581,16464.73455,3432.337036087003,25
Figueira da Foz,350,Empirical,CLS,LM,CF90,,custom,PG-CLNS,14.0,34916.0,3328.0,82.5,3944.2753000000002,8.852323264555087,30957.7247,16436.1939,2079.560238643011,11
Figueira da Foz,350,Empirical,CLS,LM,CF90,,bmc,PSOMA,16.0,34644.5,2939.0,94.5,7219.5344,4.798716659622815,27408.9656,13002.460249999998,793.4812153950043,11
Figueira da Foz,350,Empirical,CLS,LM,CF90,,new,SANS,20.0,37376.5,4526.0,95.0,4914.9895,7.604594068817441,32441.5105,16901.67355,3439.1117422600073,15
Figueira da Foz,350,Empirical,CLS,LM,CF90,,gurobi,SWC-TCF,28.0,36184.5,2947.0,78.99999999999999,8491.9168,4.261052110166694,27664.5832,12628.975849999999,1273.7691227229952,20
Figueira da Foz,350,Empirical,FTSP,LM,CF70,,custom,ACO_HH,3.0,36019.5,3803.0,10.0,5801.221299999999,6.208951208256786,30215.278700000003,15223.36085,1065.1573308880033,17
Figueira da Foz,350,Empirical,FTSP,LM,CF70,,custom_bmc,ALNS,3.0,37480.0,4292.0,10.0,6014.879500000001,6.231213775770569,31462.120499999997,15862.1965,969.217878387004,15
Figueira da Foz,350,Empirical,FTSP,LM,CF70,,custom,BPC,4.0,35968.0,3104.0,16.5,4723.035900000001,7.615440738021914,31240.964099999997,16271.485700000003,1653.5279616179905,15
Figueira da Foz,350,Empirical,FTSP,LM,CF70,,custom_oi,HGS,5.0,36215.0,2810.0,14.499999999999993,5776.4746,6.269394831234955,30433.5254,15362.2209,3899.275987596993,29
Figueira da Foz,350,Empirical,FTSP,LM,CF70,,custom,PG-CLNS,3.0,36199.5,4189.0,10.0,5540.194800000001,6.53397602553614,30656.3052,15589.45335,2806.987976043005,15
Figueira da Foz,350,Empirical,FTSP,LM,CF70,,bmc,PSOMA,4.0,37068.0,3355.0,10.0,5213.460900000001,7.110056200862654,31850.539099999998,16423.130699999998,1062.499951624006,15
Figueira da Foz,350,Empirical,FTSP,LM,CF70,,new,SANS,3.0,36217.5,5533.0,10.0,6815.463999999999,5.3140182385234525,29399.036,14324.690750000002,4593.978124764006,16
Figueira da Foz,350,Empirical,FTSP,LM,CF70,,gurobi,SWC-TCF,10.0,36185.0,4146.0,24.499999999999993,6411.346099999999,5.643900584309433,29763.6539,14709.838399999999,1322.3636041629943,20
Figueira da Foz,350,Empirical,FTSP,LM,CF90,,custom,ACO_HH,12.0,34750.0,2531.0,56.99999999999999,4368.1372,7.955336201436164,30369.8628,15915.4378,708.2092002239951,13
Figueira da Foz,350,Empirical,FTSP,LM,CF90,,custom_bmc,ALNS,14.0,34908.0,3338.0,82.5,5018.516100000001,6.95584099052706,29875.4839,15357.2835,716.7965935100074,11
Figueira da Foz,350,Empirical,FTSP,LM,CF90,,custom,BPC,26.0,34710.0,1747.0,103.49999999999999,3661.0766,9.480817746342701,31022.9234,16599.1504,1585.8862883809925,14
Figueira da Foz,350,Empirical,FTSP,LM,CF90,,custom_oi,HGS,56.0,35958.5,2352.0,186.0,4908.830699999999,7.3252679095247695,30993.6693,16080.145750000001,3493.5075720400055,25
Figueira da Foz,350,Empirical,FTSP,LM,CF90,,custom,PG-CLNS,14.0,34916.0,3347.0,82.5,4776.4545,7.310024621819386,30125.5455,15604.014700000002,2195.4350772150065,11
Figueira da Foz,350,Empirical,FTSP,LM,CF90,,bmc,PSOMA,17.0,34807.0,2893.0,83.0,4905.240699999999,7.095880126738735,29884.7593,15411.6052,788.9509828180016,11
Figueira da Foz,350,Empirical,FTSP,LM,CF90,,new,SANS,20.0,37376.5,4526.0,95.0,5734.2863,6.518073574387104,31622.2137,16082.376749999996,3509.6444127819996,15
Figueira da Foz,350,Empirical,FTSP,LM,CF90,,gurobi,SWC-TCF,31.0,35794.5,3160.0,145.5,5321.7646,6.726058495710238,30441.735399999998,15571.485050000001,1188.05985053099,18
Figueira da Foz,350,Empirical,CLS,SL,,SL1,custom,ACO_HH,2.0,35577.5,3654.0,5.5,5508.840100000001,6.458256067370696,30066.6599,15257.74665,1261.9142875539983,22
Figueira da Foz,350,Empirical,CLS,SL,,SL1,custom_bmc,ALNS,1.0,36201.0,4623.0,0.0,5634.3877,6.425010476293635,30565.6123,15496.136,1105.054890636995,18
Figueira da Foz,350,Empirical,CLS,SL,,SL1,custom,BPC,3.0,35973.0,3948.0,6.0,4906.431,7.331805950190679,31063.569,16091.0091,2201.39159924,19
Figueira da Foz,350,Empirical,CLS,SL,,SL1,custom_oi,HGS,6.0,35597.0,2766.0,9.0,5403.9722,6.587191547728539,30187.0278,15373.996699999996,4111.0459837310045,29
Figueira da Foz,350,Empirical,CLS,SL,,SL1,custom,PG-CLNS,1.0,36205.5,4594.0,0.0,5050.432899999999,7.168791411920354,31154.0671,16082.71745,3172.1974669269985,18
Figueira da Foz,350,Empirical,CLS,SL,,SL1,bmc,PSOMA,2.0,36965.5,3408.0,0.5,8714.8076,4.241688594479125,28248.6924,12861.954749999999,1237.446754190998,18
Figueira da Foz,350,Empirical,CLS,SL,,SL1,new,SANS,2.0,36227.0,5896.0,0.5,6211.5151,5.832232461287908,30013.4849,14934.1848,5133.242476088999,17
Figueira da Foz,350,Empirical,CLS,SL,,SL1,gurobi,SWC-TCF,6.0,36611.5,4087.0,35.0,9941.930300000002,3.682534366590761,26663.5697,11428.20225,1540.193957304,23
Figueira da Foz,350,Empirical,CLS,SL,,SL2,custom,ACO_HH,0.0,37363.0,5212.0,0.0,7311.158899999999,5.110407325437832,30051.8411,14497.624200000004,1728.5011130190105,30
Figueira da Foz,350,Empirical,CLS,SL,,SL2,custom_bmc,ALNS,1.0,37369.0,6556.0,0.0,7988.820099999998,4.6776619741380845,29379.179900000003,13823.465200000002,1837.1223105050012,30
Figueira da Foz,350,Empirical,CLS,SL,,SL2,custom,BPC,1.0,37042.0,5387.0,0.5,6868.052900000001,5.3933772117567695,30172.947099999998,14753.362500000001,2993.9656752370065,30
Figueira da Foz,350,Empirical,CLS,SL,,SL2,custom_oi,HGS,1.0,36221.5,3086.0,0.0,7212.071300000001,5.022343581101312,29008.428699999997,13930.41825,4282.808626458995,30
Figueira da Foz,350,Empirical,CLS,SL,,SL2,custom,PG-CLNS,1.0,37129.0,6272.0,0.5,7226.1131000000005,5.138170339459536,29901.886899999998,14446.084199999996,4554.193437482012,30
Figueira da Foz,350,Empirical,CLS,SL,,SL2,bmc,PSOMA,0.0,37107.5,4299.0,0.0,11647.395900000003,3.185905271752632,25460.104099999997,10012.251849999999,2091.363423351999,30
Figueira da Foz,350,Empirical,CLS,SL,,SL2,new,SANS,0.0,37528.5,10500.0,0.0,11024.669999999993,3.4040474680874824,26503.83000000001,10880.715449999998,8112.014884356991,30
Figueira da Foz,350,Empirical,CLS,SL,,SL2,gurobi,SWC-TCF,0.0,37523.0,6458.0,0.0,13232.024200000002,2.8357717181321354,24290.9758,8670.150899999999,1921.2317572169995,30
Figueira da Foz,350,Empirical,FTSP,SL,,SL1,custom,ACO_HH,2.0,35838.5,3776.0,5.5,6110.9198000000015,5.864665414198365,29725.580199999997,14808.012649999999,1264.7760158699966,20
Figueira da Foz,350,Empirical,FTSP,SL,,SL1,custom_bmc,ALNS,1.0,36192.5,4651.0,0.0,6453.930500000001,5.607823015757606,29737.569499999998,14671.631749999999,1148.1044303419985,18
Figueira da Foz,350,Empirical,FTSP,SL,,SL1,custom,BPC,3.0,35973.0,3948.0,6.0,5596.3449,6.427945497068989,30373.6551,15401.095200000003,2288.9354658800003,19
Figueira da Foz,350,Empirical,FTSP,SL,,SL1,custom_oi,HGS,6.0,35597.0,2766.0,9.0,5943.175200000001,5.989559251088542,29647.8248,14834.793700000002,4216.346946096994,29
Figueira da Foz,350,Empirical,FTSP,SL,,SL1,custom,PG-CLNS,1.0,36206.0,4460.0,0.0,6016.8333,6.017451073474148,30188.1667,15116.608900000003,3286.1926672209956,18
Figueira da Foz,350,Empirical,FTSP,SL,,SL1,bmc,PSOMA,2.0,35955.5,3390.0,0.5,5821.7044,6.1761122739244545,30131.7956,15165.520949999998,1362.2939883930012,18
Figueira da Foz,350,Empirical,FTSP,SL,,SL1,new,SANS,2.0,36227.0,5896.0,0.5,7276.668899999999,4.978514275948436,28948.331100000003,13869.031,5172.8890941390055,17
Figueira da Foz,350,Empirical,FTSP,SL,,SL1,gurobi,SWC-TCF,7.0,36457.0,4073.0,9.0,6878.125699999999,5.3004265391660415,29571.874300000003,14401.825200000001,1513.3975502380054,23
Figueira da Foz,350,Empirical,FTSP,SL,,SL2,custom,ACO_HH,0.0,37433.0,5216.0,0.0,8193.8321,4.568436299787007,29239.1679,13655.810000000003,1851.4120575929992,30
Figueira da Foz,350,Empirical,FTSP,SL,,SL2,custom_bmc,ALNS,1.0,37352.0,6466.0,0.0,9183.349100000001,4.067361437887621,28167.6509,12619.013300000002,1907.8108023220047,30
Figueira da Foz,350,Empirical,FTSP,SL,,SL2,custom,BPC,1.0,37042.0,5387.0,0.5,7922.2312,4.675702976201957,29118.768799999998,13699.1842,3153.312650855005,30
Figueira da Foz,350,Empirical,FTSP,SL,,SL2,custom_oi,HGS,1.0,36221.5,3086.0,0.0,7175.404099999999,5.048008376280857,29045.0959,13967.08545,4364.166072879008,30
Figueira da Foz,350,Empirical,FTSP,SL,,SL2,custom,PG-CLNS,1.0,37128.0,6347.0,0.0,8727.254599999998,4.254258836450125,28399.7454,12944.359000000002,4628.7418192059995,30
Figueira da Foz,350,Empirical,FTSP,SL,,SL2,bmc,PSOMA,1.0,37051.5,4155.0,0.5,8302.1463,4.46288208628653,28748.3537,13324.81425,2152.1372240300043,30
Figueira da Foz,350,Empirical,FTSP,SL,,SL2,new,SANS,0.0,37528.5,10500.0,0.0,13012.925999999992,2.883940168414085,24515.574000000008,8892.459449999997,8383.220556818997,30
Figueira da Foz,350,Empirical,FTSP,SL,,SL2,gurobi,SWC-TCF,0.0,37517.0,5686.0,0.0,9146.434199999998,4.101817077522955,28370.565800000004,12752.2387,1987.5100612769966,29
Figueira da Foz,350,Gamma-3,CLS,LA,,,custom,ACO_HH,10.0,70203.54741371541,4607.0,54.25602449682559,7443.944,9.430961250341943,62749.603413715406,33533.86662538569,878.132254628028,24
Figueira da Foz,350,Gamma-3,CLS,LA,,,custom_bmc,ALNS,11.0,70298.16348811169,6588.0,35.54660698851287,7631.833700000001,9.211176009785392,62655.32978811169,33401.20432801079,1213.4600063859834,20
Figueira da Foz,350,Gamma-3,CLS,LA,,,custom,BPC,11.0,70282.25230665378,4249.0,63.349692530639054,7370.952700000002,9.535029617901872,62900.29960665378,33652.79797139381,1930.3551329470065,24
Figueira da Foz,350,Gamma-3,CLS,LA,,,custom_oi,HGS,16.0,71667.49118388101,4013.0,82.2416592389678,21832.73679999999,3.282570199072845,49818.754383881016,19999.577804031345,4157.961619933019,27
Figueira da Foz,350,Gamma-3,CLS,LA,,,custom,PG-CLNS,11.0,70297.01984164189,6654.0,46.16168268417413,7406.2643,9.49156241178726,62879.75554164188,33626.10618156636,2564.97206097201,20
Figueira da Foz,350,Gamma-3,CLS,LA,,,bmc,PSOMA,12.0,70179.31396498368,6198.0,55.89187645918769,13530.132800000001,5.186890254690159,56637.18116498368,27433.532761360973,1279.7367976759851,20
Figueira da Foz,350,Gamma-3,CLS,LA,,,new,SANS,5.0,70272.6807192559,6864.0,6.739774804959076,8034.8731,8.745960246622428,62232.80761925591,32983.29063582968,3533.6537441260007,23
Figueira da Foz,350,Gamma-3,CLS,LA,,,gurobi,SWC-TCF,2168.0,37065.000741674565,2732.0,18831.133560666924,7015.076399999999,5.283620395306682,27881.924341674567,14619.764532915442,1057.0198447590228,15
Figueira da Foz,350,Gamma-3,FTSP,LA,,,custom,ACO_HH,5.0,70321.455238753,4920.0,18.76340414687192,8414.7929,8.356884842496004,61901.662338753,32631.840522860126,1074.144582578,25
Figueira da Foz,350,Gamma-3,FTSP,LA,,,custom_bmc,ALNS,11.0,70295.83568261628,6592.0,35.54660698851287,9082.165500000001,7.739986205119943,61202.670182616275,31949.513787943113,1271.555536305,20
Figueira da Foz,350,Gamma-3,FTSP,LA,,,custom,BPC,11.0,70282.25230665378,4249.0,63.349692530639054,8114.338100000001,8.661489260184238,62156.91420665378,32909.41257139382,2160.0146839299996,24
Figueira da Foz,350,Gamma-3,FTSP,LA,,,custom_oi,HGS,16.0,71667.49118388101,4013.0,82.2416592389678,9099.559600000002,7.875929642120371,62551.93158388101,32732.75500403134,4283.3564537,27
Figueira da Foz,350,Gamma-3,FTSP,LA,,,custom,PG-CLNS,11.0,70297.01984164189,6654.0,46.16168268417413,8830.0796,7.961085632981371,61455.94024164189,32202.290881566365,2789.756608192,20
Figueira da Foz,350,Gamma-3,FTSP,LA,,,bmc,PSOMA,12.0,70184.3997712949,6055.0,47.325384094141135,9200.9997,7.627910233634167,60971.400071294906,31765.63444650484,1370.0915585940002,20
Figueira da Foz,350,Gamma-3,FTSP,LA,,,new,SANS,5.0,70272.6807192559,6864.0,6.739774804959076,9053.229900000002,7.762166817309686,61214.4508192559,31964.93383582968,3767.243811275,23
Figueira da Foz,350,Gamma-3,FTSP,LA,,,gurobi,SWC-TCF,2166.0,37064.64330907545,2729.0,18806.967951949584,4365.559200000001,8.49023953427901,30533.08410907545,17269.07309950734,1122.746488152,15
Figueira da Foz,350,Gamma-3,CLS,LM,CF70,,custom,ACO_HH,19.0,70464.08081062332,4453.0,120.36893954972231,7355.765100000001,9.579435973373226,63089.31571062331,33774.11886916083,1321.798802138,28
Figueira da Foz,350,Gamma-3,CLS,LM,CF70,,custom_bmc,ALNS,12.0,72777.9340793321,6716.0,60.31824963530941,8222.970399999998,8.850565007425068,64542.963679332104,34257.50972210616,1216.3873909899999,20
Figueira da Foz,350,Gamma-3,CLS,LM,CF70,,custom,BPC,15.0,69339.07681442816,3455.0,104.79994338694465,6187.286,11.206703038202559,63136.79081442816,34285.93313658171,2929.9887694460003,28
Figueira da Foz,350,Gamma-3,CLS,LM,CF70,,custom_oi,HGS,67.0,69445.4286800795,3439.0,353.23551113107965,9920.977900000002,6.999857209648606,59457.450780079496,30614.318820562406,4694.767242131,30
Figueira da Foz,350,Gamma-3,CLS,LM,CF70,,custom,PG-CLNS,12.0,72757.67240835154,6702.0,60.31824963530941,7530.916500000001,9.661197599037452,65214.755908351544,34937.73688475479,3335.771149964,20
Figueira da Foz,350,Gamma-3,CLS,LM,CF70,,bmc,PSOMA,10.0,72393.76227310466,6529.0,55.4587684912865,15832.940800000002,4.572350973048838,56550.821473104654,26423.29823881119,1486.438814627,22
Figueira da Foz,350,Gamma-3,CLS,LM,CF70,,new,SANS,15.0,72573.82925089677,8367.0,58.568304603305386,9332.757399999999,7.776247269740107,63226.07185089677,33028.58673374845,5263.774041029999,27
Figueira da Foz,350,Gamma-3,CLS,LM,CF70,,gurobi,SWC-TCF,42.0,70007.74414329251,4029.0,225.7444425843226,10052.4331,6.964258647321166,59913.31104329251,30811.087156439826,1907.136487381,30
Figueira da Foz,350,Gamma-3,CLS,LM,CF90,,custom,ACO_HH,124.0,70355.59103337231,3352.0,735.4312537519515,6757.1855,10.411966791998283,63474.405533372315,34309.37298617943,1182.57014921,25
Figueira da Foz,350,Gamma-3,CLS,LM,CF90,,custom_bmc,ALNS,29.0,72688.70686929466,5111.0,172.33654884124954,6640.6474,10.946027170377194,66019.05946929466,35787.750799607296,915.6816421469999,15
Figueira da Foz,350,Gamma-3,CLS,LM,CF90,,custom,BPC,62.0,67493.18308065069,2228.0,414.3811045121619,5337.232599999999,12.645726378994743,62093.95048065069,34058.538364175816,2837.1609381900003,27
Figueira da Foz,350,Gamma-3,CLS,LM,CF90,,custom_oi,HGS,192.0,68129.58983553504,3181.0,1197.3764144989136,7833.9172,8.69674622493266,60103.67263553504,31933.324387001794,4293.4921964430005,29
Figueira da Foz,350,Gamma-3,CLS,LM,CF90,,custom,PG-CLNS,30.0,72687.79235720953,5163.0,172.90281895431013,6451.4205,11.266943823799663,66206.37185720954,35976.4438989032,2606.185803386,15
Figueira da Foz,350,Gamma-3,CLS,LM,CF90,,bmc,PSOMA,30.0,72680.18223156505,5064.0,172.5600949135291,12732.7362,5.708135399174064,59917.44603156505,29690.68616856452,1022.819804721,15
Figueira da Foz,350,Gamma-3,CLS,LM,CF90,,new,SANS,96.0,71519.09267446378,7505.0,543.0185220882984,8569.4596,8.345811289484786,62853.63307446378,33176.23479408452,4018.8928042530006,26
Figueira da Foz,350,Gamma-3,CLS,LM,CF90,,gurobi,SWC-TCF,168.0,68634.7601790198,3281.0,970.0838815993579,7449.733200000001,9.213049425584769,61017.02697901979,32612.37631649386,1860.0266337050002,29
Figueira da Foz,350,Gamma-3,FTSP,LM,CF70,,custom,ACO_HH,14.0,70875.76998247614,4218.0,84.46866115857198,8060.660499999999,8.792799297585619,62801.10948247614,33309.526438771325,1343.538456713999,27
Figueira da Foz,350,Gamma-3,FTSP,LM,CF70,,custom_bmc,ALNS,12.0,72777.93590947344,6723.0,60.31824963530941,9513.758599999997,7.649756417981161,63252.17730947344,32966.722590359655,1293.198532252005,20
Figueira da Foz,350,Gamma-3,FTSP,LM,CF70,,custom,BPC,15.0,69339.07681442816,3455.0,104.79994338694465,6825.9782,10.158115772246118,62498.09861442816,33647.240936581715,3054.853635545005,28
Figueira da Foz,350,Gamma-3,FTSP,LM,CF70,,custom_oi,HGS,67.0,69445.4286800795,3439.0,353.23551113107965,7658.347,9.067939684644676,61720.08168007949,32876.9497205624,4885.657564303001,30
Figueira da Foz,350,Gamma-3,FTSP,LM,CF70,,custom,PG-CLNS,12.0,72764.83924124323,6701.0,60.31824963530941,8848.5013,8.223408323536464,63904.337941243226,33624.33536511367,3490.9702800789964,20
Figueira da Foz,350,Gamma-3,FTSP,LM,CF70,,bmc,PSOMA,16.0,72540.97642412179,6025.0,72.81421519171019,9333.5412,7.77207437881367,63191.43522412179,33008.62673875989,1437.0788955619937,20
Figueira da Foz,350,Gamma-3,FTSP,LM,CF70,,new,SANS,15.0,72573.82925089677,8367.0,58.568304603305386,10656.000600000003,6.810606715890834,61902.82865089677,31705.343533748455,5518.339112523005,27
Figueira da Foz,350,Gamma-3,FTSP,LM,CF70,,gurobi,SWC-TCF,57.0,69531.28863069227,3862.0,322.39422442337434,7629.549599999999,9.113419831583805,61844.739030692275,32955.86357373508,1972.4155004810018,30
Figueira da Foz,350,Gamma-3,FTSP,LM,CF90,,custom,ACO_HH,186.0,69706.0474669314,3116.0,1069.420980881257,7424.640300000001,9.388474680306249,62095.4071669314,33262.77960644785,1439.1349482840014,26
Figueira da Foz,350,Gamma-3,FTSP,LM,CF90,,custom_bmc,ALNS,29.0,72682.65064706872,5142.0,172.33654884124954,7896.792699999999,9.204072261776446,64756.85794706872,34528.070482694005,981.353895334003,15
Figueira da Foz,350,Gamma-3,FTSP,LM,CF90,,custom,BPC,62.0,67493.18308065069,2228.0,414.3811045121619,5883.721499999999,11.471172298119601,61547.46158065069,33512.049464175805,2939.3475770389996,27
Figueira da Foz,350,Gamma-3,FTSP,LM,CF90,,custom_oi,HGS,192.0,68129.58983553504,3181.0,1197.3764144989136,7129.0407000000005,9.556627981592955,60808.54913553504,32638.200887001803,4489.847083743996,29
Figueira da Foz,350,Gamma-3,FTSP,LM,CF90,,custom,PG-CLNS,30.0,72675.3148908944,5162.0,185.95831361064546,7545.7503,9.631290726767675,65099.5645908944,34874.83100181506,2665.9786790069993,15
Figueira da Foz,350,Gamma-3,FTSP,LM,CF90,,bmc,PSOMA,31.0,72632.07019676873,5073.0,176.03745689326968,8373.3725,8.674171631175938,64227.69769676874,34021.96687385391,1101.134684814002,15
Figueira da Foz,350,Gamma-3,FTSP,LM,CF90,,new,SANS,96.0,71519.09267446378,7505.0,543.0185220882984,9644.520299999998,7.415515800662869,61778.57237446379,32101.174094084516,4178.517929695001,26
Figueira da Foz,350,Gamma-3,FTSP,LM,CF90,,gurobi,SWC-TCF,194.0,68223.72070972522,3231.0,1064.7400675020376,6752.125200000001,10.104036683106115,61277.59550972522,33070.06057826662,1923.8877028179995,29
Figueira da Foz,350,Gamma-3,CLS,SL,,SL1,custom,ACO_HH,9.0,72757.74566149269,5010.0,55.79563147524331,7937.629,9.16618119358976,64811.11666149269,34531.06714261328,1598.0503051330006,29
Figueira da Foz,350,Gamma-3,CLS,SL,,SL1,custom_bmc,ALNS,6.0,72815.67614439853,8282.0,33.48978241617263,9403.5659,7.743411054778543,63406.11024439853,33098.94426548543,1586.996492483,26
Figueira da Foz,350,Gamma-3,CLS,SL,,SL1,custom,BPC,8.0,71834.86315618355,4210.0,45.64526954005561,6748.8389,10.644032880409036,65078.02425618355,35181.17072426435,3239.291870571001,29
Figueira da Foz,350,Gamma-3,CLS,SL,,SL1,custom_oi,HGS,59.0,69572.62126260686,3441.0,243.23828280850404,9989.6629,6.964461359612732,59523.95836260686,30619.87613098362,5017.121039743,30
Figueira da Foz,350,Gamma-3,CLS,SL,,SL1,custom,PG-CLNS,6.0,72769.04331558956,8449.0,33.48978241617263,8888.249,8.18710674235044,63874.79431558956,33587.04158330963,4536.004518467001,26
Figueira da Foz,350,Gamma-3,CLS,SL,,SL1,bmc,PSOMA,2.0,72467.34813275549,7858.0,10.853956264332773,18694.3162,3.876437488136393,53771.03193275549,23604.874905089386,2069.075427873,29
Figueira da Foz,350,Gamma-3,CLS,SL,,SL1,new,SANS,10.0,72028.54268302521,9109.0,66.11693975081982,9905.249699999993,7.271754359006746,62113.29298302522,32137.810664081822,6959.63462431,28
Figueira da Foz,350,Gamma-3,CLS,SL,,SL1,gurobi,SWC-TCF,72.0,68249.21237084556,3408.0,309.6084033658786,10778.829899999999,6.3317830417609215,57398.382470845565,29058.235360862553,1937.9412300530003,29
Figueira da Foz,350,Gamma-3,CLS,SL,,SL2,custom,ACO_HH,2.0,72718.919669387,8800.0,1.1410750653821466,9666.199700000003,7.52301027562952,63050.719969387,32779.8337110212,1597.314865595,30
Figueira da Foz,350,Gamma-3,CLS,SL,,SL2,custom_bmc,ALNS,2.0,72840.57613748878,9618.0,1.1410750653821466,10232.819800000001,7.118328824425187,62605.75633748878,32284.224491452198,1824.6988056890004,30
Figueira da Foz,350,Gamma-3,CLS,SL,,SL2,custom,BPC,2.0,72799.91861106711,9100.0,1.1410750653821466,9894.481199999998,7.357628675980215,62903.43741106712,32598.831293279884,3347.393753796,30
Figueira da Foz,350,Gamma-3,CLS,SL,,SL2,custom_oi,HGS,7.0,70748.37362205566,4254.0,20.190036824443872,18429.912599999996,3.838779659869666,52311.461022055664,22865.91308319389,6001.50654824,30
Figueira da Foz,350,Gamma-3,CLS,SL,,SL2,custom,PG-CLNS,2.0,72834.91129813384,9741.0,1.1410750653821466,9908.406,7.350820232652339,62924.50529813384,32605.33172472072,4887.852035399999,30
Figueira da Foz,350,Gamma-3,CLS,SL,,SL2,bmc,PSOMA,2.0,72581.04535106345,8280.0,1.1410750653821466,19496.0718,3.7228548445878955,53082.97355106345,22869.48437141574,2146.292151703,30
Figueira da Foz,350,Gamma-3,CLS,SL,,SL2,new,SANS,1.0,72866.02483490252,10456.0,0.0,11056.084299999995,6.590581516722205,61808.940534902526,31475.814396132602,8861.336676606,30
Figueira da Foz,350,Gamma-3,CLS,SL,,SL2,gurobi,SWC-TCF,9.0,71435.54366402133,4958.0,49.74389325230464,11922.1619,5.9918280143487515,59504.38176402133,29774.764936689262,1923.1021013809996,29
Figueira da Foz,350,Gamma-3,FTSP,SL,,SL1,custom,ACO_HH,10.0,71902.62470774315,4712.0,65.97901839435606,8473.0802,8.486007804781918,63419.54450774315,33496.48184190968,1649.1871825669987,29
Figueira da Foz,350,Gamma-3,FTSP,SL,,SL1,custom_bmc,ALNS,7.0,72794.39844021993,8296.0,44.18201609074461,10863.396899999998,6.700887310876024,61924.00154021993,31626.693469556383,1655.8590833589988,26
Figueira da Foz,350,Gamma-3,FTSP,SL,,SL1,custom,BPC,8.0,71834.86315618355,4210.0,45.64526954005561,7499.753000000001,9.57829719941224,64327.11015618355,34430.256624264344,3299.606972546,29
Figueira da Foz,350,Gamma-3,FTSP,SL,,SL1,custom_oi,HGS,59.0,69572.62126260686,3441.0,243.23828280850404,7684.7406999999985,9.053346622691755,61828.880562606864,32924.79833098363,5046.908376809999,30
Figueira da Foz,350,Gamma-3,FTSP,SL,,SL1,custom,PG-CLNS,7.0,72799.44541665015,8409.0,39.99649342539062,10506.138900000002,6.929229292471104,62286.30651665015,31986.8973896987,4554.273738446998,26
Figueira da Foz,350,Gamma-3,FTSP,SL,,SL1,bmc,PSOMA,5.0,72474.2513565795,7655.0,29.846999166029548,10646.614999999998,6.807257645418709,61822.636356579496,31656.60551683545,2080.0467210310017,28
Figueira da Foz,350,Gamma-3,FTSP,SL,,SL1,new,SANS,10.0,72028.54268302521,9109.0,66.11693975081982,11475.751199999997,6.276586292932635,60542.79148302521,30567.309164081827,7058.088538480999,28
Figueira da Foz,350,Gamma-3,FTSP,SL,,SL1,gurobi,SWC-TCF,63.0,69469.36015682179,3681.0,288.3803091521062,7200.276200000001,9.648152130167142,62206.083956821785,33348.98932353687,1971.6660381469992,29
Figueira da Foz,350,Gamma-3,FTSP,SL,,SL2,custom,ACO_HH,2.0,72732.83911344389,8850.0,1.1410750653821466,11177.8682,6.506861398978017,61552.97091344389,31276.289990517213,1709.9064947900006,30
Figueira da Foz,350,Gamma-3,FTSP,SL,,SL2,custom_bmc,ALNS,2.0,72802.50864153681,9528.0,1.1410750653821466,11481.453300000003,6.340879219666102,61319.05534153681,31013.370994065037,1890.6870723809989,30
Figueira da Foz,350,Gamma-3,FTSP,SL,,SL2,custom,BPC,2.0,72799.91861106711,9100.0,1.1410750653821466,11167.2109,6.519077974166953,61630.707711067116,31326.101593279887,3367.0705207480023,30
Figueira da Foz,350,Gamma-3,FTSP,SL,,SL2,custom_oi,HGS,7.0,70748.37362205566,4254.0,20.190036824443872,8735.231499999998,8.099198472536838,62006.142122055666,32560.59418319389,6108.6975830129995,30
Figueira da Foz,350,Gamma-3,FTSP,SL,,SL2,custom,PG-CLNS,2.0,72835.61349597537,9783.0,1.1410750653821466,11698.6776,6.225969804995341,61134.935895975366,30815.469997600834,4923.639872519998,30
Figueira da Foz,350,Gamma-3,FTSP,SL,,SL2,bmc,PSOMA,1.0,72498.63963888978,8312.0,0.0,11423.9758,6.346182879596943,61073.663838889785,30893.480157219972,2133.1173831369997,30
Figueira da Foz,350,Gamma-3,FTSP,SL,,SL2,new,SANS,1.0,72866.02483490252,10456.0,0.0,12926.885399999996,5.636781218382469,59938.13943490252,29605.013296132605,8979.011189691999,30
Figueira da Foz,350,Gamma-3,FTSP,SL,,SL2,gurobi,SWC-TCF,757.0,51086.15932144013,3457.0,6858.64653558857,6221.99,8.210582035882432,44107.16932144013,23597.001195924604,1655.3702656239984,22
Rio Maior,100,Empirical,CLS,LA,,,custom,ACO_HH,7.0,7360.124999999999,713.0,42.275000000000006,1486.4869999999996,4.951355107713691,5866.637999999999,2809.6179624999995,79.95316422599717,13
Rio Maior,100,Empirical,CLS,LA,,,custom_bmc,ALNS,7.0,7360.124999999999,729.0,42.275000000000006,1444.659,5.094714392808267,5908.4659999999985,2851.4459625000004,784.1415455730166,13
Rio Maior,100,Empirical,CLS,LA,,,custom,BPC,7.0,7360.124999999999,736.0,42.275000000000006,1501.937,4.900421921824949,5851.187999999999,2794.1679624999997,326.82491067098454,13
Rio Maior,100,Empirical,CLS,LA,,,custom_oi,HGS,7.0,7364.399999999999,593.0,42.275000000000006,1330.82,5.533731083091627,6026.579999999999,2967.78028,821.8563358150132,12
Rio Maior,100,Empirical,CLS,LA,,,custom,PG-CLNS,7.0,7364.399999999999,734.0,42.275000000000006,1439.007,5.117695744357045,5918.392999999998,2859.59328,851.2947768309969,13
Rio Maior,100,Empirical,CLS,LA,,,bmc,PSOMA,7.0,7337.324999999999,560.0,46.075,1426.5140000000004,5.143535219423011,5903.810999999999,2856.2826025,354.7686979220016,13
Rio Maior,100,Empirical,CLS,LA,,,new,SANS,7.0,7364.399999999999,1202.0,42.275000000000006,1823.846999999999,4.037838700285716,5533.553,2474.753280000001,787.2601116829901,13
Rio Maior,100,Empirical,CLS,LA,,,gurobi,SWC-TCF,7.0,7364.399999999999,668.0,42.275000000000006,1467.2110000000002,5.0193189663926985,5890.1889999999985,2831.389280000001,590.3252848069824,13
Rio Maior,100,Empirical,FTSP,LA,,,custom,ACO_HH,7.0,7360.124999999999,713.0,42.275000000000006,1769.5769999999998,4.15925670372072,5583.547999999999,2526.5279625,143.2578838570007,13
Rio Maior,100,Empirical,FTSP,LA,,,custom_bmc,ALNS,7.0,7360.124999999999,729.0,42.275000000000006,1742.065,4.224942812122395,5611.0599999999995,2554.0399625,810.6901936859995,13
Rio Maior,100,Empirical,FTSP,LA,,,custom,BPC,7.0,7360.124999999999,736.0,42.275000000000006,1778.736,4.137840016730982,5574.388999999999,2517.3689624999997,347.83248497100067,13
Rio Maior,100,Empirical,FTSP,LA,,,custom_oi,HGS,7.0,7364.399999999999,622.0,42.275000000000006,1760.8870000000004,4.182210442805244,5596.512999999998,2537.7132799999995,903.5881531340001,13
Rio Maior,100,Empirical,FTSP,LA,,,custom,PG-CLNS,7.0,7364.399999999999,734.0,42.275000000000006,1793.47,4.106229822634334,5563.9299999999985,2505.13028,891.4701892800003,13
Rio Maior,100,Empirical,FTSP,LA,,,bmc,PSOMA,7.0,7337.324999999999,560.0,46.075,1688.4429999999998,4.34561604981631,5641.882,2594.3536025,404.1518943629999,13
Rio Maior,100,Empirical,FTSP,LA,,,new,SANS,7.0,7364.399999999999,1202.0,42.275000000000006,2123.7580000000003,3.4676267258322264,5233.641999999998,2174.84228,810.0728144419991,13
Rio Maior,100,Empirical,FTSP,LA,,,gurobi,SWC-TCF,7.0,7364.399999999999,668.0,42.275000000000006,1812.558,4.062987225788085,5544.841999999999,2486.0422799999997,611.6606351789997,13
Rio Maior,100,Empirical,CLS,LM,CF70,,custom,ACO_HH,3.0,7882.15,835.0,5.2250000000000005,1672.4509999999998,4.712933293710847,6206.699,2928.359955,162.05849461899925,15
Rio Maior,100,Empirical,CLS,LM,CF70,,custom_bmc,ALNS,3.0,7882.15,759.0,5.2250000000000005,1645.7320000000004,4.789449314955289,6233.418,2955.078955,906.3677677970009,15
Rio Maior,100,Empirical,CLS,LM,CF70,,custom,BPC,3.0,7882.15,829.0,5.2250000000000005,1716.1259999999997,4.592990258291058,6163.023999999999,2884.6849549999997,406.5624318299997,15
Rio Maior,100,Empirical,CLS,LM,CF70,,custom_oi,HGS,3.0,7878.349999999999,620.0,9.025,1340.5090000000002,5.8771332381953405,6534.840999999999,3258.083895,1250.3664882010016,12
Rio Maior,100,Empirical,CLS,LM,CF70,,custom,PG-CLNS,3.0,7882.15,820.0,5.2250000000000005,1637.2900000000002,4.814144103976693,6241.86,2963.520955,1102.8997068149984,15
Rio Maior,100,Empirical,CLS,LM,CF70,,bmc,PSOMA,2.0,7872.65,622.0,8.075000000000001,1655.486,4.755491740793942,6215.164,2939.779805,644.1405666530009,15
Rio Maior,100,Empirical,CLS,LM,CF70,,new,SANS,4.0,7882.149999999999,1407.0,11.875,2112.209999999999,3.731707548018427,5765.94,2488.600955000001,910.4099087530012,15
Rio Maior,100,Empirical,CLS,LM,CF70,,gurobi,SWC-TCF,3.0,7888.8,752.0,5.2250000000000005,1680.785,4.693521182066712,6205.015,2923.9075599999996,812.0482494780008,15
Rio Maior,100,Empirical,CLS,LM,CF90,,custom,ACO_HH,11.0,7349.199999999999,615.0,57.47500000000001,1160.914,6.33052922094143,6177.285999999999,3128.8140399999993,134.18136730699916,10
Rio Maior,100,Empirical,CLS,LM,CF90,,custom_bmc,ALNS,11.0,7344.924999999999,559.0,57.47500000000001,1148.026,6.397873393111305,6185.898999999999,3139.206722499999,604.5795581649982,10
Rio Maior,100,Empirical,CLS,LM,CF90,,custom,BPC,11.0,7344.924999999999,618.0,57.47500000000001,1191.227,6.165848322779788,6142.697999999999,3096.0057224999996,278.94771167999716,10
Rio Maior,100,Empirical,CLS,LM,CF90,,custom_oi,HGS,19.0,7262.749999999999,448.0,143.925,846.1990000000001,8.582791991009206,6397.5509999999995,3393.0681750000003,997.1011198350025,7
Rio Maior,100,Empirical,CLS,LM,CF90,,custom,PG-CLNS,11.0,7349.199999999999,622.0,57.47500000000001,1151.6770000000001,6.381303091057648,6186.522999999999,3138.0510400000003,769.1303059040001,10
Rio Maior,100,Empirical,CLS,LM,CF90,,bmc,PSOMA,11.0,7326.399999999999,503.0,61.275000000000006,1151.415,6.362953409500483,6163.984999999999,3125.00468,449.1139277070033,10
Rio Maior,100,Empirical,CLS,LM,CF90,,new,SANS,11.0,7349.199999999999,998.0,57.47500000000001,1452.1159999999993,5.061028182321524,5886.084,2837.612040000001,608.4595829989994,10
Rio Maior,100,Empirical,CLS,LM,CF90,,gurobi,SWC-TCF,11.0,7349.199999999999,565.0,57.47500000000001,1165.171,6.307400372992461,6173.028999999999,3124.55704,405.45162059799986,10
Rio Maior,100,Empirical,FTSP,LM,CF70,,custom,ACO_HH,3.0,7882.15,822.0,5.2250000000000005,2044.8439999999998,3.8546461245943457,5834.306,2555.966955,189.19654739199905,15
Rio Maior,100,Empirical,FTSP,LM,CF70,,custom_bmc,ALNS,3.0,7882.15,782.0,5.2250000000000005,2030.7800000000002,3.8813411595544562,5848.369999999999,2570.0309549999997,933.8628861910001,15
Rio Maior,100,Empirical,FTSP,LM,CF70,,custom,BPC,3.0,7882.15,829.0,5.2250000000000005,2015.857,3.910073978461766,5863.293,2584.953955,446.29092297999887,15
Rio Maior,100,Empirical,FTSP,LM,CF70,,custom_oi,HGS,3.0,7882.15,698.0,5.2250000000000005,2013.141,3.9153491980939235,5866.009,2587.6699549999994,1072.4168577650016,15
Rio Maior,100,Empirical,FTSP,LM,CF70,,custom,PG-CLNS,3.0,7882.15,819.0,5.2250000000000005,2039.359,3.8650134674669836,5839.790999999999,2561.4519549999995,1095.544555716,15
Rio Maior,100,Empirical,FTSP,LM,CF70,,bmc,PSOMA,2.0,7872.65,622.0,8.075000000000001,1971.0720000000003,3.994095598740177,5899.5779999999995,2624.1938050000003,633.9076413059993,15
Rio Maior,100,Empirical,FTSP,LM,CF70,,new,SANS,4.0,7882.149999999999,1407.0,11.875,2462.7019999999998,3.200610548901166,5415.4479999999985,2138.108955,936.649412367,15
Rio Maior,100,Empirical,FTSP,LM,CF70,,gurobi,SWC-TCF,3.0,7888.8,750.0,5.2250000000000005,2095.563,3.7645253328103236,5790.237,2509.1295600000003,826.8538501950006,15
Rio Maior,100,Empirical,FTSP,LM,CF90,,custom,ACO_HH,11.0,7349.199999999999,617.0,57.47500000000001,1416.839,5.187039600123938,5921.360999999999,2872.88904,171.00350205799987,10
Rio Maior,100,Empirical,FTSP,LM,CF90,,custom_bmc,ALNS,11.0,7344.924999999999,573.0,57.47500000000001,1403.435,5.233534150138766,5930.49,2883.7977224999995,624.947608593,10
Rio Maior,100,Empirical,FTSP,LM,CF90,,custom,BPC,11.0,7344.924999999999,618.0,57.47500000000001,1386.979,5.295628124146075,5946.945999999999,2900.2537224999996,295.937496180999,10
Rio Maior,100,Empirical,FTSP,LM,CF90,,custom_oi,HGS,11.0,7349.199999999999,531.0,57.47500000000001,1390.276,5.286144621643471,5947.923999999999,2899.45204,638.0568826229992,10
Rio Maior,100,Empirical,FTSP,LM,CF90,,custom,PG-CLNS,11.0,7349.199999999999,623.0,57.47500000000001,1423.442,5.162978189487172,5914.757999999999,2866.28604,763.1812267360001,10
Rio Maior,100,Empirical,FTSP,LM,CF90,,bmc,PSOMA,11.0,7326.399999999999,503.0,61.275000000000006,1376.0180000000003,5.324348954737509,5939.381999999999,2900.40168,448.8530890509992,10
Rio Maior,100,Empirical,FTSP,LM,CF90,,new,SANS,11.0,7349.199999999999,998.0,57.47500000000001,1684.2330000000002,4.363529274156247,5653.966999999999,2605.4950399999993,625.5321031250005,10
Rio Maior,100,Empirical,FTSP,LM,CF90,,gurobi,SWC-TCF,11.0,7349.199999999999,568.0,57.47500000000001,1455.641,5.04877232779236,5882.558999999999,2834.0870400000003,394.2793036189996,10
Rio Maior,100,Empirical,CLS,SL,,SL1,custom,ACO_HH,3.0,7881.674999999999,848.0,5.7,1749.741,4.504480948894722,6128.933999999999,2850.7926974999996,189.54342962500232,16
Rio Maior,100,Empirical,CLS,SL,,SL1,custom_bmc,ALNS,3.0,7888.325,814.0,5.7,1722.1619999999998,4.580477910905014,6163.1630000000005,2882.2533025000002,967.5079859739999,16
Rio Maior,100,Empirical,CLS,SL,,SL1,custom,BPC,3.0,7881.674999999999,849.0,5.7,1782.776,4.421012510825813,6095.898999999999,2817.7576974999997,451.5087907659981,16
Rio Maior,100,Empirical,CLS,SL,,SL1,custom_oi,HGS,3.0,7393.374999999999,569.0,9.025,1229.22,6.014688176241844,6161.154999999999,3086.2929875,1468.7573240469974,11
Rio Maior,100,Empirical,CLS,SL,,SL1,custom,PG-CLNS,3.0,7888.325,849.0,5.7,1716.15,4.596524196602861,6169.174999999999,2888.2653025,1374.7077079530027,16
Rio Maior,100,Empirical,CLS,SL,,SL1,bmc,PSOMA,2.0,7604.749999999999,632.0,4.275,1811.456,4.198142267877332,5791.293999999999,2627.4365749999997,893.8957086439987,17
Rio Maior,100,Empirical,CLS,SL,,SL1,new,SANS,4.0,7881.674999999999,1314.0,12.350000000000001,2122.123999999999,3.714050168604664,5755.551,2478.4096975000007,971.5859424219998,16
Rio Maior,100,Empirical,CLS,SL,,SL1,gurobi,SWC-TCF,3.0,7888.325,767.0,5.7,1749.9129999999998,4.507838389679945,6135.412,2854.5023025,878.5866296910026,16
Rio Maior,100,Empirical,CLS,SL,,SL2,custom,ACO_HH,0.0,7885.474999999999,1062.0,0.0,2737.6150000000002,2.880417808932227,5147.859999999999,1865.1367575,396.3662748470015,27
Rio Maior,100,Empirical,CLS,SL,,SL2,custom_bmc,ALNS,0.0,7887.374999999999,1040.0,0.0,2739.872,2.878738495812943,5147.502999999999,1863.9887874999997,1628.214756688998,27
Rio Maior,100,Empirical,CLS,SL,,SL2,custom,BPC,0.0,7887.374999999999,1110.0,0.0,2782.271,2.8348694286070617,5105.103999999999,1821.5897874999998,731.4607776400007,27
Rio Maior,100,Empirical,CLS,SL,,SL2,custom_oi,HGS,2.0,7889.75,790.0,4.275,2103.4750000000004,3.750817100274545,5784.275,2501.772075,1822.0897888459986,20
Rio Maior,100,Empirical,CLS,SL,,SL2,custom,PG-CLNS,0.0,7887.374999999999,1094.0,0.0,2719.517,2.9002852344736216,5167.857999999999,1884.3437875,2091.804900425999,27
Rio Maior,100,Empirical,CLS,SL,,SL2,bmc,PSOMA,0.0,7864.1,747.0,0.0,2662.6110000000003,2.953529449100901,5201.489,1927.6641700000002,1260.8536630620001,27
Rio Maior,100,Empirical,CLS,SL,,SL2,new,SANS,0.0,7721.125,1611.0,0.0,3328.6009999999997,2.319630679675936,4392.524,1178.2196625000006,1751.3214401000005,29
Rio Maior,100,Empirical,CLS,SL,,SL2,gurobi,SWC-TCF,0.0,7894.025,961.0,0.0,2764.07,2.8559425050740392,5129.955,1843.6723925000001,1605.4846670299994,27
Rio Maior,100,Empirical,FTSP,SL,,SL1,custom,ACO_HH,3.0,7881.674999999999,792.0,5.7,2120.558,3.716792938462423,5758.116999999999,2479.9756975,213.11800386600225,16
Rio Maior,100,Empirical,FTSP,SL,,SL1,custom_bmc,ALNS,3.0,7888.325,827.0,5.7,2130.482,3.70260110153477,5754.843,2473.9333024999996,1006.1691229479984,16
Rio Maior,100,Empirical,FTSP,SL,,SL1,custom,BPC,3.0,7881.674999999999,849.0,5.7,2096.923,3.7586859412577382,5781.7519999999995,2503.6106975,474.04301125300117,16
Rio Maior,100,Empirical,FTSP,SL,,SL1,custom_oi,HGS,3.0,7888.325,708.0,5.7,2089.887,3.7745222588589713,5795.438,2514.5283024999994,1137.4267875840014,16
Rio Maior,100,Empirical,FTSP,SL,,SL1,custom,PG-CLNS,3.0,7888.325,859.0,5.7,2122.727,3.7161278864404137,5762.598,2481.6883025,1286.8451596230007,16
Rio Maior,100,Empirical,FTSP,SL,,SL1,bmc,PSOMA,2.0,7604.749999999999,632.0,4.275,2109.376,3.605213105676749,5493.373999999999,2329.5165749999996,806.4890183829993,17
Rio Maior,100,Empirical,FTSP,SL,,SL1,new,SANS,4.0,7881.674999999999,1319.0,12.350000000000001,2478.064,3.1805776606253913,5399.610999999999,2122.4696974999997,999.964003340996,16
Rio Maior,100,Empirical,FTSP,SL,,SL1,gurobi,SWC-TCF,3.0,7888.325,769.0,5.7,2189.0620000000004,3.60351831058234,5696.262999999999,2415.3533025,883.0626675940002,16
Rio Maior,100,Empirical,FTSP,SL,,SL2,custom,ACO_HH,0.0,7882.624999999999,1041.0,0.0,3198.0119999999997,2.4648516015574673,4684.612999999999,1403.0762124999999,319.70697732100234,27
Rio Maior,100,Empirical,FTSP,SL,,SL2,custom_bmc,ALNS,0.0,7887.374999999999,1055.0,0.0,3280.4120000000003,2.404385485725573,4606.962999999999,1323.4487875,1693.4221256189994,27
Rio Maior,100,Empirical,FTSP,SL,,SL2,custom,BPC,0.0,7887.374999999999,1110.0,0.0,3273.209,2.4096765589976075,4614.165999999999,1330.6517874999997,777.038560312998,27
Rio Maior,100,Empirical,FTSP,SL,,SL2,custom_oi,HGS,0.0,7887.374999999999,888.0,0.0,3217.7049999999995,2.451242422782698,4669.67,1386.1557875000003,1996.0326690270012,27
Rio Maior,100,Empirical,FTSP,SL,,SL2,custom,PG-CLNS,0.0,7894.025,1099.0,0.0,3326.397000000001,2.3731457790516277,4567.627999999999,1281.3453925000001,2041.597086624999,27
Rio Maior,100,Empirical,FTSP,SL,,SL2,bmc,PSOMA,0.0,7864.1,747.0,0.0,3078.534,2.5544950940934874,4785.566000000001,1511.7411700000005,1157.4607825349958,27
Rio Maior,100,Empirical,FTSP,SL,,SL2,new,SANS,0.0,7721.125,1614.0,0.0,3829.8089999999993,2.016060069836381,3891.3160000000007,677.0116624999999,1781.8305804950069,29
Rio Maior,100,Empirical,FTSP,SL,,SL2,gurobi,SWC-TCF,0.0,7894.025,961.0,0.0,3388.5370000000003,2.3296263254614007,4505.487999999999,1219.2053925,1651.4972558749942,27
Rio Maior,100,Gamma-3,CLS,LA,,,custom,ACO_HH,4.0,19442.6786620281,1425.0,27.240932315534142,1999.3329999999999,9.724582479270886,17439.3456620281,9349.358535025802,111.07002004201058,15
Rio Maior,100,Gamma-3,CLS,LA,,,custom_bmc,ALNS,4.0,19433.392841129047,1451.0,27.240932315534142,1971.602,9.856651008230386,17457.79084112905,9371.669401367028,902.9308174390171,15
Rio Maior,100,Gamma-3,CLS,LA,,,custom,BPC,4.0,19433.392841129047,1437.0,27.240932315534142,2056.2070000000003,9.45108777527216,17373.185841129045,9287.064401367028,386.1781530220178,15
Rio Maior,100,Gamma-3,CLS,LA,,,custom_oi,HGS,4.0,19433.392841129047,1447.0,27.240932315534142,2057.673,9.444354297854446,17371.71984112905,9285.598401367026,964.0737269009987,15
Rio Maior,100,Gamma-3,CLS,LA,,,custom,PG-CLNS,4.0,19433.392841129047,1449.0,27.240932315534142,1954.564,9.942571765943221,17474.82884112905,9388.707401367024,929.0691972209897,15
Rio Maior,100,Gamma-3,CLS,LA,,,bmc,PSOMA,4.0,19448.248614891403,1445.0,27.240932315534142,2085.0110000000004,9.327647966793172,17359.237614891405,9266.931716512114,263.47540873801336,15
Rio Maior,100,Gamma-3,CLS,LA,,,new,SANS,4.0,19448.248614891403,1500.0,27.240932315534142,2179.3949999999986,8.923691490019669,17264.853614891406,9172.547716512114,905.6200487139868,15
Rio Maior,100,Gamma-3,CLS,LA,,,gurobi,SWC-TCF,4.0,19446.65890422652,1480.0,27.240932315534142,2066.051,9.412477670796374,17376.60790422652,9284.96380239702,142.95932071699644,15
Rio Maior,100,Gamma-3,FTSP,LA,,,custom,ACO_HH,4.0,19446.65890422652,1417.0,27.240932315534142,2360.1109999999994,8.239722158926645,17082.547904226518,8990.903802397022,131.26738023799953,15
Rio Maior,100,Gamma-3,FTSP,LA,,,custom_bmc,ALNS,4.0,19433.392841129047,1451.0,27.240932315534142,2419.146,8.033162463583862,17010.246841129047,8924.125401367026,931.8867434570002,15
Rio Maior,100,Gamma-3,FTSP,LA,,,custom,BPC,4.0,19433.392841129047,1437.0,27.240932315534142,2385.015,8.1481218529565,17044.377841129048,8958.256401367025,418.1052715709993,15
Rio Maior,100,Gamma-3,FTSP,LA,,,custom_oi,HGS,4.0,19433.392841129047,1443.0,27.240932315534142,2415.9569999999994,8.043766027760036,17013.43584112905,8927.314401367026,1000.7645184030007,15
Rio Maior,100,Gamma-3,FTSP,LA,,,custom,PG-CLNS,4.0,19433.392841129047,1449.0,27.240932315534142,2426.194,8.009826436438738,17003.198841129048,8917.077401367025,960.1996614899999,15
Rio Maior,100,Gamma-3,FTSP,LA,,,bmc,PSOMA,4.0,19448.248614891403,1445.0,27.240932315534142,2460.598,7.903870772426623,16983.650614891405,8891.344716512114,309.32384387099955,15
Rio Maior,100,Gamma-3,FTSP,LA,,,new,SANS,4.0,19448.248614891403,1500.0,27.240932315534142,2525.591,7.700474310722284,16918.657614891403,8826.351716512114,932.8627789719994,15
Rio Maior,100,Gamma-3,FTSP,LA,,,gurobi,SWC-TCF,4.0,19446.65890422652,1480.0,27.240932315534142,2489.178,7.81248223478856,16953.48090422652,8861.83680239702,181.88048413099932,15
Rio Maior,100,Gamma-3,CLS,LM,CF70,,custom,ACO_HH,4.0,19433.392841129047,1597.0,27.240932315534142,2240.8489999999997,8.672334834310144,17188.54384112905,9102.422401367025,184.7212606120156,17
Rio Maior,100,Gamma-3,CLS,LM,CF70,,custom_bmc,ALNS,4.0,19433.392841129047,1628.0,27.240932315534142,2199.955,8.833541068398693,17229.437841129045,9143.316401367028,1024.070573866018,17
Rio Maior,100,Gamma-3,CLS,LM,CF70,,custom,BPC,4.0,19433.392841129047,1609.0,27.240932315534142,2270.5769999999993,8.55879049295798,17158.81584112905,9072.694401367025,451.6370282919961,17
Rio Maior,100,Gamma-3,CLS,LM,CF70,,custom_oi,HGS,3.0,19448.890025468994,1444.0,13.333458640475353,2050.046,9.487050546899434,17395.844025468996,9302.27110786625,1173.6915998400073,15
Rio Maior,100,Gamma-3,CLS,LM,CF70,,custom,PG-CLNS,4.0,19433.392841129047,1622.0,27.240932315534142,2170.9900000000002,8.951396754996129,17258.402841129046,9172.281401367025,1076.8386741179856,17
Rio Maior,100,Gamma-3,CLS,LM,CF70,,bmc,PSOMA,4.0,19448.248614891403,1597.0,27.240932315534142,2310.117,8.418728841392623,17134.131614891405,9041.825716512114,436.49839440800133,17
Rio Maior,100,Gamma-3,CLS,LM,CF70,,new,SANS,4.0,19448.248614891403,1699.0,27.240932315534142,2469.573999999999,7.875143087387302,16974.674614891403,8882.368716512115,1027.8801456900255,17
Rio Maior,100,Gamma-3,CLS,LM,CF70,,gurobi,SWC-TCF,4.0,19448.248614891403,1665.0,27.240932315534142,2307.819,8.427111751351125,17136.429614891404,9044.123716512113,214.63803895300953,17
Rio Maior,100,Gamma-3,CLS,LM,CF90,,custom,ACO_HH,12.0,18180.07972261314,1162.0,100.28828233661793,1605.194,11.32578350194004,16562.88572261314,9006.51853408929,84.40677158400649,12
Rio Maior,100,Gamma-3,CLS,LM,CF90,,custom_bmc,ALNS,12.0,18180.07972261314,1181.0,100.28828233661793,1602.162,11.347216899797361,16565.91772261314,9009.550534089289,723.631305753981,12
Rio Maior,100,Gamma-3,CLS,LM,CF90,,custom,BPC,12.0,18180.07972261314,1173.0,100.28828233661793,1664.737,10.920691810546133,16503.34272261314,8946.975534089292,319.10939376300666,12
Rio Maior,100,Gamma-3,CLS,LM,CF90,,custom_oi,HGS,28.0,18090.259937454688,1075.0,164.37795838268667,1538.327,11.759697344878356,16523.932937454687,9020.957725492302,964.2139010480023,11
Rio Maior,100,Gamma-3,CLS,LM,CF90,,custom,PG-CLNS,12.0,18179.191328715475,1177.0,100.28828233661793,1584.6060000000002,11.472373150622598,16582.585328715475,9026.587978571222,756.3937740210094,12
Rio Maior,100,Gamma-3,CLS,LM,CF90,,bmc,PSOMA,12.0,18180.07972261314,1183.0,100.28828233661793,1690.87,10.751908616637081,16477.20972261314,8920.842534089288,312.70792562299175,12
Rio Maior,100,Gamma-3,CLS,LM,CF90,,new,SANS,12.0,18180.07972261314,1200.0,100.28828233661793,1743.515999999999,10.42725144054494,16424.56372261314,8868.19653408929,726.7938809370098,12
Rio Maior,100,Gamma-3,CLS,LM,CF90,,gurobi,SWC-TCF,12.0,18179.191328715475,1194.0,100.28828233661793,1676.773,10.84177245740209,16490.418328715474,8934.420978571223,141.7340091780061,12
Rio Maior,100,Gamma-3,FTSP,LM,CF70,,custom,ACO_HH,4.0,19433.392841129047,1592.0,27.240932315534142,2656.8849999999993,7.314352273857939,16772.50784112905,8686.386401367025,274.46708066300016,17
Rio Maior,100,Gamma-3,FTSP,LM,CF70,,custom_bmc,ALNS,4.0,19433.392841129047,1628.0,27.240932315534142,2703.6459999999997,7.187846648980321,16725.746841129047,8639.625401367026,1056.9197544050003,17
Rio Maior,100,Gamma-3,FTSP,LM,CF70,,custom,BPC,4.0,19433.392841129047,1609.0,27.240932315534142,2676.781,7.259986095660813,16752.611841129048,8666.490401367026,482.7136429250004,17
Rio Maior,100,Gamma-3,FTSP,LM,CF70,,custom_oi,HGS,4.0,19433.392841129047,1590.0,27.240932315534142,2666.3559999999993,7.28837141069274,16763.036841129047,8676.915401367027,1119.8561838310015,17
Rio Maior,100,Gamma-3,FTSP,LM,CF70,,custom,PG-CLNS,4.0,19433.392841129047,1622.0,27.240932315534142,2706.7909999999997,7.179495144297824,16722.601841129046,8636.480401367025,1112.005648628001,17
Rio Maior,100,Gamma-3,FTSP,LM,CF70,,bmc,PSOMA,4.0,19448.248614891403,1597.0,27.240932315534142,2743.177,7.089680547369492,16701.071614891403,8608.765716512113,440.6264475019998,17
Rio Maior,100,Gamma-3,FTSP,LM,CF70,,new,SANS,4.0,19448.248614891403,1699.0,27.240932315534142,2873.957,6.767063186711354,16570.291614891405,8477.985716512114,1057.8808841409991,17
Rio Maior,100,Gamma-3,FTSP,LM,CF70,,gurobi,SWC-TCF,4.0,19448.248614891403,1665.0,27.240932315534142,2804.694,6.934178421921038,16639.554614891404,8547.248716512115,261.7468448839991,17
Rio Maior,100,Gamma-3,FTSP,LM,CF90,,custom,ACO_HH,12.0,18180.07972261314,1161.0,100.28828233661793,1906.4250000000004,9.536215546173144,16261.654722613139,8705.28753408929,169.8980902429994,12
Rio Maior,100,Gamma-3,FTSP,LM,CF90,,custom_bmc,ALNS,12.0,18180.07972261314,1181.0,100.28828233661793,1980.7150000000004,9.17854397155226,16187.36472261314,8630.997534089289,747.0334221510002,12
Rio Maior,100,Gamma-3,FTSP,LM,CF90,,custom,BPC,12.0,18180.07972261314,1173.0,100.28828233661793,1961.6120000000003,9.267928480562485,16206.467722613139,8650.10053408929,351.5766118930005,12
Rio Maior,100,Gamma-3,FTSP,LM,CF90,,custom_oi,HGS,12.0,18161.620449120164,1146.0,100.28828233661793,1929.8460000000005,9.410916958721142,16219.774449120163,8671.09185615144,846.2983695599996,12
Rio Maior,100,Gamma-3,FTSP,LM,CF90,,custom,PG-CLNS,12.0,18179.191328715475,1177.0,100.28828233661793,1961.4210000000003,9.268378042610674,16205.770328715475,8649.772978571222,791.8077236539993,12
Rio Maior,100,Gamma-3,FTSP,LM,CF90,,bmc,PSOMA,12.0,18180.07972261314,1183.0,100.28828233661793,2016.9880000000005,9.013479367558526,16151.091722613139,8594.724534089288,393.01622903799944,12
Rio Maior,100,Gamma-3,FTSP,LM,CF90,,new,SANS,12.0,18180.07972261314,1200.0,100.28828233661793,2025.5420000000004,8.975414838405294,16142.537722613139,8586.170534089288,748.1529044430008,12
Rio Maior,100,Gamma-3,FTSP,LM,CF90,,gurobi,SWC-TCF,12.0,18179.191328715475,1194.0,100.28828233661793,2002.7750000000003,9.077001325019271,16164.416328715475,8608.41897857122,169.26477797200096,12
Rio Maior,100,Gamma-3,CLS,SL,,SL1,custom,ACO_HH,3.0,19436.823991940077,1818.0,10.213923393476191,2607.9989999999993,7.452772793218127,16825.824991940077,8737.275164095423,296.83250816000145,21
Rio Maior,100,Gamma-3,CLS,SL,,SL1,custom_bmc,ALNS,2.0,19453.958068067575,1882.0,5.262289588266499,2536.9880000000003,7.668131685316435,16914.970068067574,8818.287324331046,1204.536538245,20
Rio Maior,100,Gamma-3,CLS,SL,,SL1,custom,BPC,2.0,19454.193502769314,1866.0,5.262289588266499,2644.2780000000002,7.35709085911894,16807.915502769312,8711.134747566448,542.526898166001,20
Rio Maior,100,Gamma-3,CLS,SL,,SL1,custom_oi,HGS,3.0,19453.504548476296,1522.0,5.95124388128348,2172.66,8.953773047083436,17277.844548476296,9182.350604945615,1338.7968735700015,16
Rio Maior,100,Gamma-3,CLS,SL,,SL1,custom,PG-CLNS,2.0,19453.958068067575,1891.0,5.262289588266499,2527.816,7.69595495402655,16924.142068067576,8827.459324331048,1323.053800212001,20
Rio Maior,100,Gamma-3,CLS,SL,,SL1,bmc,PSOMA,2.0,19470.227257618677,1828.0,5.262289588266499,2651.5640000000003,7.342921859558613,16816.663257618675,8713.20765027202,617.0642301190019,20
Rio Maior,100,Gamma-3,CLS,SL,,SL1,new,SANS,2.0,19470.227257618677,1998.0,5.262289588266499,2905.0459999999994,6.702209623399657,16563.18125761868,8459.72565027202,1210.3335430070001,20
Rio Maior,100,Gamma-3,CLS,SL,,SL1,gurobi,SWC-TCF,2.0,19470.227257618677,1946.0,5.262289588266499,2687.3889999999997,7.24503496055788,16780.838257618678,8677.382650272022,370.13716607600145,20
Rio Maior,100,Gamma-3,CLS,SL,,SL2,custom,ACO_HH,1.0,19440.613787632577,2644.0,0.0,3679.0839999999994,5.284090764884025,15760.529787632579,7668.4022678411375,357.8175394110003,30
Rio Maior,100,Gamma-3,CLS,SL,,SL2,custom_bmc,ALNS,1.0,19447.311112911433,2723.0,0.0,3653.6049999999996,5.322773291834075,15792.706112911434,7697.790496606405,1804.822752805001,30
Rio Maior,100,Gamma-3,CLS,SL,,SL2,custom,BPC,1.0,19440.613787632577,2681.0,0.0,3803.025999999999,5.11188032572814,15636.58778763258,7544.460267841137,802.5606118180003,30
Rio Maior,100,Gamma-3,CLS,SL,,SL2,custom_oi,HGS,1.0,19444.5979749152,2705.0,0.0,3690.5160000000005,5.2688019710293075,15753.0819749152,7659.2958379579995,1976.0795799379994,30
Rio Maior,100,Gamma-3,CLS,SL,,SL2,custom,PG-CLNS,1.0,19445.128632976917,2726.0,0.0,3644.019,5.33617652185044,15800.109632976917,7706.102583068628,1945.3138806099996,30
Rio Maior,100,Gamma-3,CLS,SL,,SL2,bmc,PSOMA,1.0,19440.301169997885,2591.0,0.0,3777.8289999999997,5.145892302165579,15661.472169997885,7569.474792927765,834.6358965979998,30
Rio Maior,100,Gamma-3,CLS,SL,,SL2,new,SANS,1.0,19475.489547206944,2999.0,0.0,4358.383,4.468512644989425,15116.106547206944,7009.460248704691,1812.4109955249987,30
Rio Maior,100,Gamma-3,CLS,SL,,SL2,gurobi,SWC-TCF,1.0,19471.596725291787,2887.0,0.0,3915.789,4.972585786744839,15554.807725291786,7449.782008552814,590.2961776199991,30
Rio Maior,100,Gamma-3,FTSP,SL,,SL1,custom,ACO_HH,2.0,19452.70796413236,1826.0,5.262289588266499,3132.4059999999995,6.210148992222709,16318.301964132363,8222.139638664064,403.71376015499845,21
Rio Maior,100,Gamma-3,FTSP,SL,,SL1,custom_bmc,ALNS,2.0,19453.958068067575,1882.0,5.262289588266499,3125.734,6.2238047345255785,16326.224068067575,8229.541324331045,1245.059079104998,20
Rio Maior,100,Gamma-3,FTSP,SL,,SL1,custom,BPC,2.0,19454.193502769314,1866.0,5.262289588266499,3083.4840000000004,6.309159866816015,16368.709502769314,8271.928747566448,587.2902405029963,20
Rio Maior,100,Gamma-3,FTSP,SL,,SL1,custom_oi,HGS,2.0,19447.913625783614,1854.0,5.262289588266499,3091.7580000000003,6.290244458260839,16354.155625783615,8259.989183369895,1379.0276197240019,20
Rio Maior,100,Gamma-3,FTSP,SL,,SL1,custom,PG-CLNS,2.0,19453.958068067575,1891.0,5.262289588266499,3129.5039999999995,6.216307142623106,16322.454068067576,8225.771324331046,1360.3272635829999,20
Rio Maior,100,Gamma-3,FTSP,SL,,SL1,bmc,PSOMA,2.0,19470.227257618677,1828.0,5.262289588266499,3185.031,6.113041680793272,16283.196257618678,8179.7406502720205,723.558211026997,20
Rio Maior,100,Gamma-3,FTSP,SL,,SL1,new,SANS,2.0,19470.227257618677,1998.0,5.262289588266499,3362.526,5.790357385375958,16105.701257618677,8002.2456502720215,1247.371746427998,20
Rio Maior,100,Gamma-3,FTSP,SL,,SL1,gurobi,SWC-TCF,2.0,19470.227257618677,1946.0,5.262289588266499,3274.6429999999996,5.945755692336135,16193.584257618677,8090.128650272021,403.69697600299696,20
Rio Maior,100,Gamma-3,FTSP,SL,,SL2,custom,ACO_HH,1.0,19433.781902625436,2631.0,0.0,4451.000999999999,4.366159859911386,14981.780902625436,6892.497496562466,451.6310822960004,30
Rio Maior,100,Gamma-3,FTSP,SL,,SL2,custom_bmc,ALNS,1.0,19447.311112911433,2723.0,0.0,4511.7970000000005,4.3103249354772455,14934.514112911433,6839.5984966064025,1866.491576970002,30
Rio Maior,100,Gamma-3,FTSP,SL,,SL2,custom,BPC,1.0,19440.613787632577,2681.0,0.0,4418.652,4.399670711255961,15020.961787632577,6928.834267841138,867.4903220739943,30
Rio Maior,100,Gamma-3,FTSP,SL,,SL2,custom_oi,HGS,1.0,19445.80414562661,2693.0,0.0,4464.295,4.355851068450138,14980.509145626611,6886.220879802253,2060.457389575,30
Rio Maior,100,Gamma-3,FTSP,SL,,SL2,custom,PG-CLNS,1.0,19445.128632976917,2727.0,0.0,4507.808999999999,4.313654068523515,14936.319632976918,6842.312583068627,2014.778580187005,30
Rio Maior,100,Gamma-3,FTSP,SL,,SL2,bmc,PSOMA,1.0,19440.301169997885,2591.0,0.0,4560.620999999999,4.262643436057916,14878.680169997886,6786.682792927764,933.383425518994,30
Rio Maior,100,Gamma-3,FTSP,SL,,SL2,new,SANS,1.0,19475.489547206944,2999.0,0.0,5054.359999999998,3.8532058553816806,14420.129547206947,6313.483248704691,1869.1583123559976,30
Rio Maior,100,Gamma-3,FTSP,SL,,SL2,gurobi,SWC-TCF,1.0,19471.596725291787,2887.0,0.0,4759.432000000002,4.091159769756513,14711.164725291786,6606.139008552814,651.4475188029974,30
Rio Maior,170,Empirical,CLS,LA,,,custom,ACO_HH,4.0,13268.175,1318.0,1.9000000000000001,2541.397,5.220819494160102,10722.777999999998,5203.236747499999,169.47343097801786,14
Rio Maior,170,Empirical,CLS,LA,,,custom_bmc,ALNS,4.0,13280.525000000001,1409.0,1.9000000000000001,2549.2159999999994,5.2096507318328475,10727.309000000001,5202.6264425,846.1917755590111,14
Rio Maior,170,Empirical,CLS,LA,,,custom,BPC,4.0,13287.175,1388.0,1.9000000000000001,2635.09,5.042398931345798,10648.085,5120.634047500001,475.3863905540202,14
Rio Maior,170,Empirical,CLS,LA,,,custom_oi,HGS,7.0,13241.575,1157.0,30.4,2633.7670000000003,5.027618236541045,10600.808,5095.340327500001,901.8339710989967,13
Rio Maior,170,Empirical,CLS,LA,,,custom,PG-CLNS,4.0,13284.8,1453.0,1.9000000000000001,2564.146,5.180984234127073,10716.653999999999,5190.19176,1005.4860981220263,14
Rio Maior,170,Empirical,CLS,LA,,,bmc,PSOMA,5.0,13215.45,1291.0,2.85,2495.6339999999996,5.29542793534629,10714.816,5218.224164999999,825.9738409959828,14
Rio Maior,170,Empirical,CLS,LA,,,new,SANS,4.0,13300.95,2051.0,1.9000000000000001,3255.982,4.085080937179629,10040.968,4507.782515000001,851.5484179469931,14
Rio Maior,170,Empirical,CLS,LA,,,gurobi,SWC-TCF,4.0,13300.95,1375.0,1.9000000000000001,2740.9890000000005,4.852609769685321,10555.961,5022.775515000001,846.7016683279944,14
Rio Maior,170,Empirical,FTSP,LA,,,custom,ACO_HH,4.0,13268.175,1328.0,1.9000000000000001,3058.1369999999997,4.33864637195783,10206.038,4686.4967475,196.12017195099907,14
Rio Maior,170,Empirical,FTSP,LA,,,custom_bmc,ALNS,4.0,13280.525000000001,1419.0,1.9000000000000001,3231.041,4.110292936548933,10045.484,4520.801442499999,873.3238338489991,14
Rio Maior,170,Empirical,FTSP,LA,,,custom,BPC,4.0,13287.175,1388.0,1.9000000000000001,3168.179,4.193947059178158,10114.996,4587.5450475,501.1740881679998,14
Rio Maior,170,Empirical,FTSP,LA,,,custom_oi,HGS,4.0,13280.525000000001,1232.0,1.9000000000000001,3128.588,4.244894182295655,10147.937000000002,4623.2544425,945.1679107640011,14
Rio Maior,170,Empirical,FTSP,LA,,,custom,PG-CLNS,4.0,13284.8,1453.0,1.9000000000000001,3196.6710000000007,4.155823354983981,10084.128999999999,4557.666760000001,1026.6873878850001,14
Rio Maior,170,Empirical,FTSP,LA,,,bmc,PSOMA,5.0,13215.45,1292.0,2.85,3100.2809999999995,4.2626619974124935,10110.169000000002,4613.577164999999,852.9099322679995,14
Rio Maior,170,Empirical,FTSP,LA,,,new,SANS,4.0,13300.95,2052.0,1.9000000000000001,3814.239999999999,3.4871822433826933,9482.710000000003,3949.5245150000005,875.9498997049996,14
Rio Maior,170,Empirical,FTSP,LA,,,gurobi,SWC-TCF,4.0,13300.95,1382.0,1.9000000000000001,3356.547999999999,3.962687260840603,9940.402000000002,4407.216515000001,872.9422331599999,14
Rio Maior,170,Empirical,CLS,LM,CF70,,custom,ACO_HH,5.0,13422.55,1457.0,13.775000000000002,3383.128,3.967496943656876,10034.421999999999,4451.6144349999995,354.24831152499974,21
Rio Maior,170,Empirical,CLS,LM,CF70,,custom_bmc,ALNS,4.0,13572.175,1501.0,2.85,2910.7569999999996,4.662764703477481,10657.418,5011.3215475,1031.4115064329999,17
Rio Maior,170,Empirical,CLS,LM,CF70,,custom,BPC,6.0,13955.025,1514.0,11.400000000000002,3170.689,4.4012594738872215,10778.336,4974.8590925,704.2392310290015,19
Rio Maior,170,Empirical,CLS,LM,CF70,,custom_oi,HGS,9.0,13978.775,1251.0,13.774999999999999,2748.4049999999997,5.086140870795971,11221.369999999999,5411.005967500001,1449.725821838998,16
Rio Maior,170,Empirical,CLS,LM,CF70,,custom,PG-CLNS,4.0,13609.225,1566.0,2.85,2929.1639999999998,4.646112337854761,10676.061000000002,5014.5406325,1301.0112478379997,17
Rio Maior,170,Empirical,CLS,LM,CF70,,bmc,PSOMA,5.0,13483.825,1249.0,9.975000000000001,2949.394,4.571727276857552,10529.431,4921.114652499999,1118.738213984001,19
Rio Maior,170,Empirical,CLS,LM,CF70,,new,SANS,6.0,14043.375,2396.0,13.3,3909.995,3.5916606031465514,10127.380000000001,4287.1229875,1096.5395422170004,18
Rio Maior,170,Empirical,CLS,LM,CF70,,gurobi,SWC-TCF,4.0,13639.625,1512.0,2.85,3197.55,4.265648699785773,10438.075,4763.8991125,1037.533173480002,17
Rio Maior,170,Empirical,CLS,LM,CF90,,custom,ACO_HH,9.0,13053.95,1202.0,43.7,2419.5010000000007,5.3953067182034635,10625.449,5200.089615000002,210.24788430699846,13
Rio Maior,170,Empirical,CLS,LM,CF90,,custom_bmc,ALNS,8.0,13258.2,1219.0,22.325,2271.8709999999996,5.83580669853174,10978.329000000002,5466.940340000002,727.5059090489995,12
Rio Maior,170,Empirical,CLS,LM,CF90,,custom,BPC,9.0,13253.45,1257.0,35.15,2316.331,5.721742704302623,10928.119,5419.707765,432.83610765100093,12
Rio Maior,170,Empirical,CLS,LM,CF90,,custom_oi,HGS,20.0,13196.925,970.0,45.125,2065.0980000000004,6.390459435823383,11111.827,5637.9471225,1211.2769215260014,11
Rio Maior,170,Empirical,CLS,LM,CF90,,custom,PG-CLNS,8.0,13268.175,1321.0,22.325,2278.9700000000003,5.822005116346419,10981.204999999998,5465.663747500001,923.5709634640007,12
Rio Maior,170,Empirical,CLS,LM,CF90,,bmc,PSOMA,7.0,13212.125,1165.0,11.4,2233.0800000000004,5.916547996489153,10972.045,5478.8373624999995,729.9261238609979,12
Rio Maior,170,Empirical,CLS,LM,CF90,,new,SANS,9.0,13268.65,1876.0,34.2,2896.051,4.581635475342113,10363.599,4848.8600050000005,733.6396320550011,12
Rio Maior,170,Empirical,CLS,LM,CF90,,gurobi,SWC-TCF,8.0,13278.625,1282.0,22.325,2497.974,5.315757890194213,10772.651,5252.7594125,727.606516238,12
Rio Maior,170,Empirical,FTSP,LM,CF70,,custom,ACO_HH,5.0,13400.225,1418.0,9.5,3719.475000000001,3.6027194698176483,9675.75,4102.2363325,509.16863520900006,21
Rio Maior,170,Empirical,FTSP,LM,CF70,,custom_bmc,ALNS,4.0,13585.0,1516.0,8.075000000000001,3648.989,3.7229490140967814,9932.011,4280.575500000001,1068.0537672209975,17
Rio Maior,170,Empirical,FTSP,LM,CF70,,custom,BPC,6.0,13955.025,1514.0,11.400000000000002,3674.757000000001,3.797536816720125,10274.267999999998,4470.791092500001,659.3483627349997,19
Rio Maior,170,Empirical,FTSP,LM,CF70,,custom_oi,HGS,6.0,13944.1,1372.0,11.400000000000002,3920.9259999999995,3.556328275514509,10017.174,4218.24517,1537.544416113,20
Rio Maior,170,Empirical,FTSP,LM,CF70,,custom,PG-CLNS,4.0,13609.225,1569.0,2.85,3695.4829999999993,3.6826647558654724,9909.742000000002,4248.2216325,1323.377448790001,17
Rio Maior,170,Empirical,FTSP,LM,CF70,,bmc,PSOMA,4.0,13825.825,1280.0,8.075000000000001,3436.4019999999996,4.023343310823356,10385.423,4633.7320525000005,1102.4468532270002,18
Rio Maior,170,Empirical,FTSP,LM,CF70,,new,SANS,6.0,14043.375,2396.0,13.3,4512.496999999999,3.1121073321489194,9524.878,3684.6209875000004,1122.131572844999,18
Rio Maior,170,Empirical,FTSP,LM,CF70,,gurobi,SWC-TCF,4.0,13639.625,1506.0,2.85,3929.6070000000004,3.4709895925979364,9706.018,4031.842112500001,1069.8300580719988,17
Rio Maior,170,Empirical,FTSP,LM,CF90,,custom,ACO_HH,9.0,13149.900000000001,1204.0,43.7,2852.835,4.609414845232901,10288.065000000002,4822.76163,281.0685882689977,13
Rio Maior,170,Empirical,FTSP,LM,CF90,,custom_bmc,ALNS,8.0,13257.25,1265.0,22.325,2849.9579999999996,4.651735218554099,10399.292000000001,4888.298825000001,751.1739353000012,12
Rio Maior,170,Empirical,FTSP,LM,CF90,,custom,BPC,9.0,13253.45,1257.0,35.15,2631.3730000000005,5.036705172546803,10613.077000000001,5104.665765,469.48815188700246,12
Rio Maior,170,Empirical,FTSP,LM,CF90,,custom_oi,HGS,12.0,13918.45,1205.0,65.55000000000001,3022.3989999999994,4.605100120798082,10884.051000000001,5101.800265000001,1218.5995012910025,15
Rio Maior,170,Empirical,FTSP,LM,CF90,,custom,PG-CLNS,8.0,13268.175,1316.0,22.325,2814.2019999999998,4.714720194214914,10445.973,4930.4317475,1052.464930361999,12
Rio Maior,170,Empirical,FTSP,LM,CF90,,bmc,PSOMA,8.0,13101.925000000001,1155.0,27.549999999999997,2591.548,5.055636631079186,10502.377,5056.045622500001,753.8249427039991,12
Rio Maior,170,Empirical,FTSP,LM,CF90,,new,SANS,9.0,13268.65,1876.0,34.2,3360.859999999999,3.9479924781157214,9898.79,4384.051005,751.549774141,12
Rio Maior,170,Empirical,FTSP,LM,CF90,,gurobi,SWC-TCF,8.0,13278.625,1282.0,22.325,3005.8120000000004,4.417649872979414,10264.813,4744.921412500001,757.489528741,12
Rio Maior,170,Empirical,CLS,SL,,SL1,custom,ACO_HH,5.0,13251.55,1448.0,12.350000000000001,3175.9049999999997,4.172527200908088,10070.645,4559.024734999999,440.7322908119968,21
Rio Maior,170,Empirical,CLS,SL,,SL1,custom_bmc,ALNS,4.0,13617.775,1511.0,1.425,3152.0350000000003,4.320312115823587,10461.74,4796.6602674999995,1149.8661917919999,19
Rio Maior,170,Empirical,CLS,SL,,SL1,custom,BPC,3.0,13926.05,1542.0,5.2250000000000005,3257.387000000001,4.275221212585423,10665.662999999999,4871.248384999999,675.5480708190007,20
Rio Maior,170,Empirical,CLS,SL,,SL1,custom_oi,HGS,8.0,13990.175,1268.0,9.025,2698.069,5.185254713648909,11284.106,5467.9961475,1837.704408343001,15
Rio Maior,170,Empirical,CLS,SL,,SL1,custom,PG-CLNS,4.0,13611.599999999999,1597.0,1.425,3046.5739999999996,4.467838299676949,10561.025999999998,4898.516919999999,1545.095051892,18
Rio Maior,170,Empirical,CLS,SL,,SL1,bmc,PSOMA,5.0,13446.775,1301.0,11.400000000000002,3106.055,4.329213423458374,10335.72,4742.827567500001,1221.5807270930018,20
Rio Maior,170,Empirical,CLS,SL,,SL1,new,SANS,5.0,14046.7,2400.0,9.975000000000001,4064.201,3.4562020923669867,9977.499,4134.85779,1222.014135346999,20
Rio Maior,170,Empirical,CLS,SL,,SL1,gurobi,SWC-TCF,4.0,13643.9,1526.0,1.425,3364.197,4.055618621620553,10275.703,4599.74743,1103.143974773997,18
Rio Maior,170,Empirical,CLS,SL,,SL2,custom,ACO_HH,3.0,13869.050000000001,1950.0,5.2250000000000005,4458.520000000001,3.11068471151862,9407.529999999999,3636.8444849999996,609.9195647819979,30
Rio Maior,170,Empirical,CLS,SL,,SL2,custom_bmc,ALNS,3.0,14006.8,1978.0,0.0,4530.925,3.091377588461517,9472.875,3644.8441599999996,1814.280568708,30
Rio Maior,170,Empirical,CLS,SL,,SL2,custom,BPC,3.0,13934.125000000002,1913.0,5.2250000000000005,4389.084999999999,3.174722066216536,9542.040000000003,3744.2637625,1002.1103711310025,30
Rio Maior,170,Empirical,CLS,SL,,SL2,custom_oi,HGS,4.0,14007.75,1607.0,0.0,3886.6670000000004,3.6040520065135495,10117.082999999999,4289.656675,2506.5168458059998,25
Rio Maior,170,Empirical,CLS,SL,,SL2,custom,PG-CLNS,3.0,14001.575,2122.0,5.2250000000000005,4556.774,3.0726946300167617,9441.801,3615.9453275,2412.4231721350006,30
Rio Maior,170,Empirical,CLS,SL,,SL2,bmc,PSOMA,3.0,13921.3,1539.0,5.2250000000000005,4291.343,3.2440427157652043,9626.956999999999,3834.5198100000007,1822.967968740999,30
Rio Maior,170,Empirical,CLS,SL,,SL2,new,SANS,3.0,13683.325,2643.0,5.2250000000000005,5342.387,2.5612755122382564,8337.938000000002,2644.5698024999997,1821.30195868,30
Rio Maior,170,Empirical,CLS,SL,,SL2,gurobi,SWC-TCF,3.0,14038.625,1990.0,0.0,5091.134000000001,2.7574652326966835,8944.490999999998,3103.2114125,1835.8322568540025,30
Rio Maior,170,Empirical,FTSP,SL,,SL1,custom,ACO_HH,5.0,13330.4,1488.0,12.350000000000001,3747.299,3.5573355635619146,9578.100999999999,4033.65548,405.40309616099694,20
Rio Maior,170,Empirical,FTSP,SL,,SL1,custom_bmc,ALNS,4.0,13626.8,1619.0,1.425,3980.782,3.4231465073947778,9642.018,3973.1811599999996,1198.193661575002,19
Rio Maior,170,Empirical,FTSP,SL,,SL1,custom,BPC,3.0,13926.05,1542.0,5.2250000000000005,3739.0840000000003,3.7244549734640886,10183.965999999999,4389.551385000001,674.0639461299943,20
Rio Maior,170,Empirical,FTSP,SL,,SL1,custom_oi,HGS,3.0,13622.525,1350.0,0.0,3638.0790000000006,3.7444280346853374,9981.446,4313.3888425,1777.942903852003,19
Rio Maior,170,Empirical,FTSP,SL,,SL1,custom,PG-CLNS,4.0,13616.825,1606.0,1.425,3832.6569999999997,3.552842062308211,9780.168000000001,4115.4837525,1582.8520939869995,18
Rio Maior,170,Empirical,FTSP,SL,,SL1,bmc,PSOMA,4.0,13857.175,1420.0,6.65,3803.6229999999996,3.6431515426213377,10049.552,4284.810047499999,1259.7570358090015,20
Rio Maior,170,Empirical,FTSP,SL,,SL1,new,SANS,5.0,14046.7,2401.0,9.975000000000001,4691.255,2.9942307548832883,9350.445,3507.8037900000004,1251.3677584039979,20
Rio Maior,170,Empirical,FTSP,SL,,SL1,gurobi,SWC-TCF,4.0,13643.9,1519.0,1.425,4091.532999999999,3.334666981788978,9548.367,3872.41143,1135.7158025590034,18
Rio Maior,170,Empirical,FTSP,SL,,SL2,custom,ACO_HH,3.0,13869.050000000001,1942.0,5.2250000000000005,5265.727999999998,2.633833346500238,8600.322000000004,2829.636485000001,574.0592006839943,30
Rio Maior,170,Empirical,FTSP,SL,,SL2,custom_bmc,ALNS,3.0,14001.575,2070.0,5.2250000000000005,5425.729000000002,2.5805887098305123,8572.845999999998,2746.9903274999997,1885.8310010310015,30
Rio Maior,170,Empirical,FTSP,SL,,SL2,custom,BPC,3.0,13934.125000000002,1913.0,5.2250000000000005,5172.132,2.694077606681346,8758.993000000002,2961.2167625000006,1097.2726988009963,30
Rio Maior,170,Empirical,FTSP,SL,,SL2,custom_oi,HGS,3.0,13986.85,1691.0,0.0,5294.756000000001,2.6416420322296243,8689.094,2869.368345,2607.853687759998,30
Rio Maior,170,Empirical,FTSP,SL,,SL2,custom,PG-CLNS,3.0,13998.725,2111.0,5.2250000000000005,5422.915000000001,2.5814022532162126,8572.81,2748.1407824999997,2364.635875972999,30
Rio Maior,170,Empirical,FTSP,SL,,SL2,bmc,PSOMA,3.0,13873.325,1654.0,5.2250000000000005,5148.379,2.6946976902827084,8721.946,2949.4808025000007,1872.681346739002,30
Rio Maior,170,Empirical,FTSP,SL,,SL2,new,SANS,3.0,13683.325,2644.0,5.2250000000000005,6057.808000000002,2.2587914638430266,7622.516999999999,1929.1488025000003,1848.410743509994,30
Rio Maior,170,Empirical,FTSP,SL,,SL2,gurobi,SWC-TCF,3.0,14038.625,2004.0,0.0,6085.6939999999995,2.3068240039673373,7949.9310000000005,2108.6514125,1888.359331833999,30
Rio Maior,170,Gamma-3,CLS,LA,,,custom,ACO_HH,5.0,32149.35858651975,2603.0,45.17916984520887,3796.2740000000003,8.468661268001137,28348.084586519748,14969.30660695158,224.65176944597624,17
Rio Maior,170,Gamma-3,CLS,LA,,,custom_bmc,ALNS,5.0,32157.16645659377,2745.0,45.17916984520887,3885.8830000000003,8.27538205771861,28266.28345659377,14884.255060713785,1025.7686382140091,17
Rio Maior,170,Gamma-3,CLS,LA,,,custom,BPC,5.0,32155.59882806555,2632.0,45.17916984520887,3977.1739999999995,8.085036970488481,28173.424828065552,14792.049035941864,587.9234278100193,17
Rio Maior,170,Gamma-3,CLS,LA,,,custom_oi,HGS,6.0,31805.812715354223,2402.0,40.97835858939027,5697.373,5.582540008413391,26102.439715354223,12867.679881952263,1354.2811039439985,21
Rio Maior,170,Gamma-3,CLS,LA,,,custom,PG-CLNS,5.0,32160.052364202566,2761.0,45.17916984520887,3823.293,8.41161071469086,28331.759364202564,14948.529564985038,1181.417120764003,17
Rio Maior,170,Gamma-3,CLS,LA,,,bmc,PSOMA,5.0,32153.293815522928,2655.0,45.17916984520887,3943.2459999999996,8.154016720114072,28205.04781552293,14824.631600120736,923.8856493069907,17
Rio Maior,170,Gamma-3,CLS,LA,,,new,SANS,5.0,32164.47790868204,2890.0,45.17916984520887,4339.097000000001,7.41271234744972,27820.38090868204,14435.308755297709,1032.0097491170163,17
Rio Maior,170,Gamma-3,CLS,LA,,,gurobi,SWC-TCF,5.0,32159.156072391484,2838.0,45.17916984520887,3988.7299999999996,8.062505126291198,28165.426072391485,14782.569399454911,779.9541689800099,17
Rio Maior,170,Gamma-3,FTSP,LA,,,custom,ACO_HH,5.0,32149.959925745326,2614.0,45.17916984520887,4413.3589999999995,7.284691756493259,27731.600925745326,14352.572608657549,225.26638456900037,17
Rio Maior,170,Gamma-3,FTSP,LA,,,custom_bmc,ALNS,5.0,32157.16645659377,2758.0,45.17916984520887,4671.329000000001,6.883943831957408,27480.83745659377,14098.809060713787,1058.8278669379997,17
Rio Maior,170,Gamma-3,FTSP,LA,,,custom,BPC,5.0,32155.59882806555,2632.0,45.17916984520887,4463.741000000001,7.20373310818561,27686.85782806555,14305.482035941866,618.8819368989989,17
Rio Maior,170,Gamma-3,FTSP,LA,,,custom_oi,HGS,11.0,31782.995071036657,2235.0,72.57153062959969,4712.805,6.7439656576150835,27059.190071036657,13838.929222964098,1189.675732964999,19
Rio Maior,170,Gamma-3,FTSP,LA,,,custom,PG-CLNS,5.0,32160.052364202566,2762.0,45.17916984520887,4659.879,6.901477992068585,27495.173364202565,14111.943564985037,1190.0944044219996,17
Rio Maior,170,Gamma-3,FTSP,LA,,,bmc,PSOMA,5.0,32153.293815522928,2655.0,45.17916984520887,4804.985999999999,6.691651924797061,27343.30781552293,13962.891600120734,956.5632007830009,17
Rio Maior,170,Gamma-3,FTSP,LA,,,new,SANS,5.0,32164.47790868204,2890.0,45.17916984520887,5057.452,6.359818720707985,27102.02590868204,13716.953755297709,1065.1027117620015,17
Rio Maior,170,Gamma-3,FTSP,LA,,,gurobi,SWC-TCF,5.0,32159.156072391484,2838.0,45.17916984520887,4896.210000000001,6.568173357023388,27257.94607239148,13875.089399454911,811.7000908190003,17
Rio Maior,170,Gamma-3,CLS,LM,CF70,,custom,ACO_HH,4.0,32993.64543524757,3011.0,27.664016130821445,4682.934,7.045507247218852,28306.71143524757,14575.45684055401,479.6485136070114,22
Rio Maior,170,Gamma-3,CLS,LM,CF70,,custom_bmc,ALNS,5.0,32159.64914789014,3169.0,34.95817541070112,4526.741000000001,7.104371367367856,27627.90814789014,14244.84620762348,1208.8180382980208,20
Rio Maior,170,Gamma-3,CLS,LM,CF70,,custom,BPC,5.0,32101.408614180138,3021.0,47.2359682822619,4596.286,6.984206077293741,27500.122614180138,14141.306208096948,654.7308793120028,20
Rio Maior,170,Gamma-3,CLS,LM,CF70,,custom_oi,HGS,10.0,32823.872973931146,2522.0,57.27167713808716,4780.888000000001,6.865643573731729,28032.984973931147,14378.406654883609,2048.7316602400097,25
Rio Maior,170,Gamma-3,CLS,LM,CF70,,custom,PG-CLNS,5.0,32162.155029488546,3027.0,34.95817541070112,4214.71,7.630929537142187,27942.445029488546,14558.33989071246,1571.6654537400173,19
Rio Maior,170,Gamma-3,CLS,LM,CF70,,bmc,PSOMA,5.0,32110.736518491674,2986.0,47.2359682822619,4499.435,7.136615268026246,27606.301518491673,14243.60190584359,1182.5061903089809,20
Rio Maior,170,Gamma-3,CLS,LM,CF70,,new,SANS,5.0,32174.69890311655,3230.0,34.95817541070112,4849.579000000001,6.6345344416735035,27320.11990311655,13930.79274974913,1163.0855726030131,19
Rio Maior,170,Gamma-3,CLS,LM,CF70,,gurobi,SWC-TCF,5.0,32164.14225446579,3136.0,34.95817541070112,4712.609,6.8251243110696835,27446.53325446579,14061.600833931683,1119.8282021629857,19
Rio Maior,170,Gamma-3,CLS,LM,CF90,,custom,ACO_HH,23.0,33036.56594354562,2421.0,129.57013353749068,3730.1590000000006,8.856610654812734,29283.40694354562,15553.28454124758,289.44461670401506,16
Rio Maior,170,Gamma-3,CLS,LM,CF90,,custom_bmc,ALNS,13.0,33210.21822409478,2468.0,82.15033751213062,3657.8050000000003,9.079275200316795,29539.41322409478,15726.999377404125,908.2547428580001,15
Rio Maior,170,Gamma-3,CLS,LM,CF90,,custom,BPC,13.0,33210.94159700103,2422.0,82.15033751213062,3685.371,9.011559920833216,29512.57059700103,15699.855610169498,507.7325583229831,15
Rio Maior,170,Gamma-3,CLS,LM,CF90,,custom_oi,HGS,45.0,32575.57364193585,1974.0,283.0379422066409,3779.042,8.620061285885642,28751.53164193585,15235.320334797952,1712.2631401550025,20
Rio Maior,170,Gamma-3,CLS,LM,CF90,,custom,PG-CLNS,13.0,33213.379947823276,2459.0,82.15033751213062,3392.3599999999997,9.79064130806379,29808.019947823275,15994.28987554445,1351.5605448809802,15
Rio Maior,170,Gamma-3,CLS,LM,CF90,,bmc,PSOMA,13.0,33220.76456328616,2429.0,82.15033751213062,3600.0819999999994,9.227779968146884,29607.682563286162,15790.87827559013,916.6603798819997,15
Rio Maior,170,Gamma-3,CLS,LM,CF90,,new,SANS,13.0,33220.76456328616,2550.0,82.15033751213062,3828.6150000000002,8.676966621947143,29379.14956328616,15562.34527559013,920.5640379209945,15
Rio Maior,170,Gamma-3,CLS,LM,CF90,,gurobi,SWC-TCF,13.0,33213.262188993685,2517.0,82.15033751213062,3741.2909999999993,8.877486992857197,29458.971188993688,15645.290139715615,879.9671732839779,15
Rio Maior,170,Gamma-3,FTSP,LM,CF70,,custom,ACO_HH,5.0,32971.02920156871,2979.0,43.36879974084367,5463.085000000001,6.035240015772902,27502.94420156871,13782.104744955654,524.3207463109975,23
Rio Maior,170,Gamma-3,FTSP,LM,CF70,,custom_bmc,ALNS,5.0,32162.474228282026,3010.0,34.95817541070112,5034.051,6.388984582850278,27123.423228282027,13739.185207048216,1192.5525442129983,19
Rio Maior,170,Gamma-3,FTSP,LM,CF70,,custom,BPC,5.0,32101.408614180138,3021.0,47.2359682822619,5058.44,6.346108407766058,27037.96861418014,13679.152208096948,748.0515506320007,20
Rio Maior,170,Gamma-3,FTSP,LM,CF70,,custom_oi,HGS,8.0,32630.44781621789,2673.0,64.91009083349869,5745.316000000001,5.679487049314239,26877.131816217887,13301.076390326383,2014.3554849210013,27
Rio Maior,170,Gamma-3,FTSP,LM,CF70,,custom,PG-CLNS,5.0,32162.155029488546,3032.0,34.95817541070112,5118.214000000002,6.28386289230746,27038.941029488546,13654.835890712466,1521.6545995550005,19
Rio Maior,170,Gamma-3,FTSP,LM,CF70,,bmc,PSOMA,5.0,32123.014311363237,3018.0,34.95817541070112,5516.682000000001,5.822886711861084,26601.332311363236,13233.52145354272,1213.0046968749994,20
Rio Maior,170,Gamma-3,FTSP,LM,CF70,,new,SANS,5.0,32174.69890311655,3230.0,34.95817541070112,5622.254000000001,5.7227401862520875,26547.44490311655,13158.11774974913,1196.1157555190002,19
Rio Maior,170,Gamma-3,FTSP,LM,CF70,,gurobi,SWC-TCF,5.0,32164.14225446579,3135.0,34.95817541070112,5442.570999999999,5.909733148996273,26716.57125446579,13331.63883393168,1156.3504256410015,19
Rio Maior,170,Gamma-3,FTSP,LM,CF90,,custom,ACO_HH,14.0,33213.89329470403,2478.0,69.77886445169283,4241.237,7.831180689667668,28958.65629470403,15145.712516118743,448.5508078240018,16
Rio Maior,170,Gamma-3,FTSP,LM,CF90,,custom_bmc,ALNS,13.0,33210.21822409478,2467.0,82.15033751213062,4383.723999999999,7.575800443662691,28813.494224094782,15001.080377404127,946.3637242910008,15
Rio Maior,170,Gamma-3,FTSP,LM,CF90,,custom,BPC,13.0,33210.94159700103,2422.0,82.15033751213062,4094.1780000000003,8.111748340448566,29103.76359700103,15291.048610169499,535.9426065980006,15
Rio Maior,170,Gamma-3,FTSP,LM,CF90,,custom_oi,HGS,35.0,32255.864474362214,2068.0,199.0957579478374,4543.441,7.099435092116793,27677.423474362215,14284.307093685225,1620.0798070640012,21
Rio Maior,170,Gamma-3,FTSP,LM,CF90,,custom,PG-CLNS,13.0,33210.54054446146,2459.0,82.15033751213062,4180.298,7.9445390124009005,29017.24254446146,15204.694515802155,1276.9156887690006,15
Rio Maior,170,Gamma-3,FTSP,LM,CF90,,bmc,PSOMA,13.0,33220.76456328616,2429.0,82.15033751213062,4312.264999999999,7.70378549631949,28895.49956328616,15078.69527559013,947.9013665700004,15
Rio Maior,170,Gamma-3,FTSP,LM,CF90,,new,SANS,13.0,33220.76456328616,2550.0,82.15033751213062,4445.356999999999,7.47313760476069,28762.40756328616,14945.603275590129,945.7468215240006,15
Rio Maior,170,Gamma-3,FTSP,LM,CF90,,gurobi,SWC-TCF,13.0,33213.262188993685,2517.0,82.15033751213062,4361.970999999999,7.614278542657367,28838.291188993688,15024.610139715613,905.604393990001,15
Rio Maior,170,Gamma-3,CLS,SL,,SL1,custom,ACO_HH,4.0,32066.115155322415,3369.0,19.166077273244444,5395.7480000000005,5.942848916465782,26666.367155322416,13321.243416161693,556.7348263300009,26
Rio Maior,170,Gamma-3,CLS,SL,,SL1,custom_bmc,ALNS,4.0,32173.573312464105,3742.0,24.456449718744764,5416.579000000001,5.939832745440268,26752.994312464103,13363.135742485298,1453.0439876130004,24
Rio Maior,170,Gamma-3,CLS,SL,,SL1,custom,BPC,4.0,32115.21429511661,3555.0,36.73424259030554,5385.759000000001,5.9629876299917255,26725.455295116608,13359.891584059571,760.0469501299995,24
Rio Maior,170,Gamma-3,CLS,SL,,SL1,custom_oi,HGS,7.0,32548.82591047577,2621.0,28.757939854590916,4970.485,6.54842050835598,27571.34091047577,14028.264683944706,2277.5249263609985,26
Rio Maior,170,Gamma-3,CLS,SL,,SL1,custom,PG-CLNS,4.0,32175.454222145687,3738.0,24.456449718744764,5227.850999999999,6.1546234240696025,26943.603222145688,13552.961629466437,2026.336239594002,24
Rio Maior,170,Gamma-3,CLS,SL,,SL1,bmc,PSOMA,4.0,32176.87641311769,3545.0,24.456449718744764,5442.056999999999,5.912631274004976,26730.819413117693,13339.585762336797,1469.9433902749988,24
Rio Maior,170,Gamma-3,CLS,SL,,SL1,new,SANS,4.0,32185.20062880851,4080.0,24.456449718744764,6125.784000000001,5.254054114348222,26055.41662880851,12660.717607035527,1471.9383614830003,24
Rio Maior,170,Gamma-3,CLS,SL,,SL1,gurobi,SWC-TCF,4.0,32176.967783665954,3907.0,24.456449718744764,5945.223999999999,5.412238089543129,26227.743783665956,12836.472095325818,1458.7126121649999,24
Rio Maior,170,Gamma-3,CLS,SL,,SL2,custom,ACO_HH,1.0,33207.176766044715,4241.0,0.0,6282.439000000002,5.285714157518235,26923.737766044713,13100.590078340301,652.0077370379986,30
Rio Maior,170,Gamma-3,CLS,SL,,SL2,custom_bmc,ALNS,1.0,33274.389862556505,4658.0,0.0,6606.277,5.0367839348178265,26667.112862556503,12815.98436277423,1816.6407903139989,30
Rio Maior,170,Gamma-3,CLS,SL,,SL2,custom,BPC,1.0,33111.66765083219,4328.0,12.277792871560779,6416.737000000001,5.160203332446411,26693.93065083219,12910.543407790748,912.6876219389997,30
Rio Maior,170,Gamma-3,CLS,SL,,SL2,custom_oi,HGS,2.0,32994.75321379967,3186.0,3.6981634988457377,6562.747000000002,5.027582689657191,26430.006213799665,12696.290450894869,2416.9250859340027,30
Rio Maior,170,Gamma-3,CLS,SL,,SL2,custom,PG-CLNS,1.0,33271.41797897355,4648.0,0.0,6481.409000000001,5.133361893837211,26789.00897897355,12939.117674326859,2364.7236309360014,30
Rio Maior,170,Gamma-3,CLS,SL,,SL2,bmc,PSOMA,1.0,33188.83470995853,4208.0,0.0,6553.9879999999985,5.063914476187405,26633.846709958532,12818.334820202797,1823.2764897139969,30
Rio Maior,170,Gamma-3,CLS,SL,,SL2,new,SANS,1.0,33302.91490079829,5100.0,0.0,7657.2300000000005,4.34921177773141,25644.684900798293,11781.681427595966,1834.116898395001,30
Rio Maior,170,Gamma-3,CLS,SL,,SL2,gurobi,SWC-TCF,1.0,33300.24810690826,4883.0,0.0,7241.992,4.59821663803388,26057.25610690826,12195.362820002345,1824.5662553560032,30
Rio Maior,170,Gamma-3,FTSP,SL,,SL1,custom,ACO_HH,4.0,32065.102850288706,3366.0,19.166077273244444,6276.464999999999,5.108783821831032,25784.637850288706,12439.935533713517,597.4838816100018,26
Rio Maior,170,Gamma-3,FTSP,SL,,SL1,custom_bmc,ALNS,4.0,32174.090613680874,3747.0,24.456449718744764,6246.612999999999,5.150645736126262,25923.477613680872,12533.403691205525,1512.607241578,24
Rio Maior,170,Gamma-3,FTSP,SL,,SL1,custom,BPC,4.0,32115.21429511661,3555.0,36.73424259030554,6012.597,5.3413216111302,26098.617295116608,12733.053584059566,831.583243711997,24
Rio Maior,170,Gamma-3,FTSP,SL,,SL1,custom_oi,HGS,5.0,32793.78283110614,2965.0,24.87682808638817,6352.736000000002,5.162151052885895,26436.046831106138,12788.99503851665,2381.1368005190016,30
Rio Maior,170,Gamma-3,FTSP,SL,,SL1,custom,PG-CLNS,4.0,32174.798228790434,3742.0,24.456449718744764,6245.238,5.151893046956807,25925.560228790433,12535.191726144976,1993.0504280189998,24
Rio Maior,170,Gamma-3,FTSP,SL,,SL1,bmc,PSOMA,4.0,32146.33829065952,3619.0,24.456449718744764,6558.01,4.901843438887639,25584.32829065952,12205.807660257962,1518.4174274840043,24
Rio Maior,170,Gamma-3,FTSP,SL,,SL1,new,SANS,4.0,32185.20062880851,4080.0,24.456449718744764,7158.797000000001,4.4958951383603285,25022.403628808508,11627.704607035523,1516.3919606080017,24
Rio Maior,170,Gamma-3,FTSP,SL,,SL1,gurobi,SWC-TCF,4.0,32174.584085850016,3911.0,24.456449718744764,6796.888000000002,4.733722857556283,25373.696085850013,11983.416730910654,1518.1159207360033,24
Rio Maior,170,Gamma-3,FTSP,SL,,SL2,custom,ACO_HH,1.0,33198.50412984734,4249.0,0.0,7376.917999999999,4.500321696655344,25820.58612984734,12001.048860591887,649.3269482620017,30
Rio Maior,170,Gamma-3,FTSP,SL,,SL2,custom_bmc,ALNS,1.0,33285.295255612415,4637.0,0.0,7811.550999999999,4.261035389209188,25472.744255612415,11617.075840700963,1887.4275646650058,30
Rio Maior,170,Gamma-3,FTSP,SL,,SL2,custom,BPC,1.0,33111.66765083219,4328.0,12.277792871560779,7244.7339999999995,4.570446292552934,25865.93365083219,12082.546407790747,1086.044549449005,30
Rio Maior,170,Gamma-3,FTSP,SL,,SL2,custom_oi,HGS,1.0,32994.89686203377,3272.0,0.0,7232.062999999998,4.5623077207753555,25761.83386203377,12027.058298369107,2407.662533313007,30
Rio Maior,170,Gamma-3,FTSP,SL,,SL2,custom,PG-CLNS,1.0,33274.48814287467,4663.0,0.0,7889.365,4.217638319798192,25384.12314287467,11532.95372899594,2431.2152812379936,30
Rio Maior,170,Gamma-3,FTSP,SL,,SL2,bmc,PSOMA,1.0,33302.91490079829,4382.0,0.0,7946.073,4.191116152695589,25355.841900798292,11492.838427595962,1883.510817319002,30
Rio Maior,170,Gamma-3,FTSP,SL,,SL2,new,SANS,1.0,33302.91490079829,5100.0,0.0,8953.710000000005,3.7194542710003202,24348.204900798286,10485.201427595963,1893.6278237000006,30
Rio Maior,170,Gamma-3,FTSP,SL,,SL2,gurobi,SWC-TCF,1.0,33300.60732951137,4873.0,0.0,8335.928,3.9948290495684904,24963.679329511368,11101.636498235786,1906.7769333059987,30
