0,192,211,340,505,754,787,894,904,991,993,995,1000,1171,1173,1174,1299,1301,1459,1496,1655,3224,3292,3315,5730,5752,5931,5933,5938,5940,5977,6077,6092,6908,6914,7244,7246,7255,7442,7445,7473,7937,7938,7940,7941,10835,11031,11213,11545,11552,11556,11562,11571,11778,11779,11781,11782,11787,11789,11790,11797,11800,11801,11805,11808,11809,11810,11811,11812,11813,11821,11824,11826,11829,11835,11838,11860,11883,11922,11983,11986,11989,11992,12036,12216,12344,12462,12482,13081,13578,13579,13592,13633,13647,13750,16132,17812,17956,18741,20710,22056
0.0,53.832,52.276,49.287,49.105,34.701,53.051,53.686,49.706,54.074,53.135,52.821,48.924,47.916,53.784,51.116,53.755,49.868,49.444,49.654,50.367,53.275,52.964,50.28,53.682,50.973,53.968,53.842,53.238,53.126,53.849,53.831,53.583,48.112,48.78,52.171,53.374,53.638,49.523,52.773,49.229,49.86,50.839,53.837,53.529,52.96,48.407,55.207,48.711,53.194,48.447,48.433,49.715,50.05,57.467,52.253,58.633,53.769,34.552,54.263,34.275,49.303,49.618,50.791,53.079,55.204,55.575,48.398,48.955,52.872,53.954,31.97,51.625,54.949,51.49,33.884,50.858,53.778,48.644,53.885,48.687,50.675,49.36,52.995,48.973,32.512,52.867,48.152,57.127,32.528,55.42,53.63,48.489,50.431,47.83,48.322,48.728,53.303,49.933,50.138,32.38
52.768,0.0,9.163,6.945,7.156,0.774,6.047,5.552,6.305,5.939,5.001,4.286,6.974,7.077,6.322,10.036,5.621,6.376,6.669,6.161,5.969,6.272,5.961,6.493,10.569,2.977,5.833,5.708,5.918,6.123,5.714,6.394,6.145,6.991,6.909,5.521,5.239,5.503,7.014,4.638,6.72,6.24,7.044,5.702,5.395,5.499,7.089,7.073,7.529,6.19,7.227,7.453,6.222,6.99,9.332,8.369,10.499,0.524,1.36,0.431,4.559,5.957,5.902,2.942,4.585,7.069,6.99,6.703,7.432,4.738,5.82,4.158,9.482,6.815,7.606,4.168,6.974,5.644,7.593,6.422,6.737,6.276,6.14,9.882,7.023,3.626,2.872,7.134,3.49,3.85,7.286,5.496,7.708,6.033,7.627,6.781,6.778,2.176,6.196,6.198,4.021
51.578,9.204,0.0,2.912,3.706,10.012,3.709,3.822,3.296,3.827,4.311,4.944,3.795,7.54,3.694,0.873,4.509,3.764,3.595,3.55,3.34,3.78,3.859,3.384,2.09,7.99,4.018,3.892,3.503,3.615,4.602,3.867,3.814,6.604,5.072,4.793,4.144,3.884,3.655,4.657,3.59,3.45,2.991,3.887,4.283,4.475,4.699,5.499,6.048,3.575,6.579,5.104,3.611,6.342,7.399,4.404,8.566,9.141,9.675,9.635,9.289,4.475,5.91,7.808,4.963,5.495,5.867,6.489,6.64,4.513,3.623,8.888,0.319,4.273,3.641,8.898,3.009,4.025,6.111,3.794,4.979,3.648,4.038,0.719,3.609,8.356,6.82,4.062,9.343,8.58,5.711,4.384,6.227,3.404,4.264,6.413,5.02,8.675,4.715,3.242,8.751
48.666,6.945,2.989,0.0,0.794,7.754,1.317,1.563,0.418,1.639,1.791,2.685,0.82,6.138,1.214,3.861,2.251,0.859,0.718,0.645,1.08,1.389,1.468,0.992,4.395,5.599,1.829,1.704,1.111,1.223,2.344,1.671,1.423,5.202,2.16,2.402,1.674,1.493,0.777,2.398,0.712,0.573,1.552,1.451,2.024,2.084,1.787,3.24,4.646,1.183,5.177,2.192,0.706,3.43,5.211,2.966,6.378,6.882,7.417,7.376,6.898,2.683,2.998,5.417,2.705,3.237,3.608,5.087,5.238,2.255,1.435,6.497,3.308,2.084,2.202,6.507,1.57,1.634,4.71,1.314,2.067,1.388,0.853,3.708,0.697,5.965,4.561,1.15,7.084,6.189,3.453,2.125,4.825,1.144,1.352,5.012,2.108,6.303,3.313,0.851,6.36
48.457,7.15,3.421,0.562,0.0,7.958,2.068,1.995,0.647,2.071,2.223,2.89,0.344,4.69,1.646,4.294,2.683,1.088,0.864,0.874,1.512,2.292,1.981,1.425,4.827,5.381,2.261,2.136,1.543,2.144,2.776,2.103,1.855,3.755,0.712,2.183,2.107,2.488,0.877,2.841,0.649,0.802,1.984,1.883,2.456,1.866,0.893,3.672,3.198,2.211,3.729,1.257,0.935,1.982,5.643,3.398,6.81,7.087,7.621,7.581,6.68,1.235,1.55,5.198,3.148,3.669,4.04,3.639,3.79,2.94,1.867,6.278,3.74,2.516,2.635,6.288,2.002,2.629,3.262,1.746,0.419,1.82,0.806,4.14,0.158,5.746,4.766,0.937,7.516,5.971,3.885,2.558,3.378,1.576,1.431,3.564,0.582,6.085,1.865,1.283,6.141
53.577,1.003,9.971,7.754,7.964,0.0,6.856,6.36,7.114,6.748,5.809,5.094,7.782,7.154,7.13,10.844,6.429,7.184,7.478,6.97,6.777,7.08,6.769,7.301,11.378,3.055,6.642,6.516,6.727,6.931,6.523,7.202,6.954,7.069,7.717,6.33,6.047,6.312,7.822,5.447,7.529,7.048,7.853,6.511,6.203,6.307,7.898,7.881,8.337,6.999,7.304,8.261,7.031,7.799,10.141,9.178,11.307,1.043,0.69,0.343,4.636,6.765,6.711,3.237,5.393,7.878,6.935,6.78,7.51,5.546,6.628,4.29,10.29,7.623,8.414,4.245,7.782,6.452,8.401,7.231,7.545,7.085,6.948,10.69,7.832,4.832,3.681,7.942,3.434,4.847,7.302,6.304,7.044,6.841,8.436,6.858,7.586,2.985,7.004,7.007,4.098
52.731,6.069,3.642,1.35,1.984,6.877,0.0,0.691,0.71,1.326,0.751,1.809,1.802,3.849,0.752,4.515,1.378,0.781,1.498,0.566,1.107,0.242,0.168,0.946,5.048,4.3,0.972,0.847,0.206,0.094,1.471,0.799,0.551,2.913,1.737,1.102,0.635,0.439,0.873,1.761,1.548,0.645,2.183,0.579,1.152,0.785,1.917,2.368,2.357,0.161,2.888,2.281,0.628,1.818,4.718,3.508,5.885,6.006,6.541,6.5,5.599,0.785,0.73,4.118,2.067,2.364,2.736,2.798,2.949,1.86,0.959,5.198,3.961,1.954,2.745,5.207,2.113,0.579,2.421,0.852,1.565,1.145,0.347,4.361,1.851,4.666,3.685,1.962,6.212,4.89,2.581,1.253,2.536,1.171,2.455,2.723,1.606,5.004,1.024,0.64,5.061
50.161,6.28,3.611,1.495,2.289,7.088,1.385,0.0,1.25,0.628,1.387,2.02,3.169,5.216,0.77,4.484,1.585,1.321,2.178,1.107,0.417,1.457,1.535,0.941,5.017,5.642,1.094,0.969,1.179,1.291,1.678,0.943,1.406,4.28,3.104,2.47,1.221,1.448,1.413,1.733,2.172,1.185,1.492,0.963,1.359,2.152,3.281,2.575,3.724,1.251,4.255,3.648,1.168,3.186,4.2,2.817,5.367,6.217,6.752,6.711,6.941,2.152,2.097,5.46,2.039,2.571,2.943,4.165,4.316,1.59,0.268,6.54,3.93,1.263,2.054,6.549,1.422,1.589,3.788,0.87,2.932,0.724,1.715,4.33,2.192,6.008,3.896,2.645,6.419,6.232,2.788,1.46,3.904,0.481,2.847,4.09,2.973,5.751,2.391,0.646,6.403
49.053,6.395,3.014,0.387,0.867,7.203,0.767,1.013,0.0,1.648,1.24,2.135,0.805,4.598,1.239,3.886,1.7,0.441,0.702,0.226,1.105,0.838,0.917,0.442,4.42,5.049,1.294,1.169,0.561,0.673,1.793,1.121,0.873,3.662,1.335,1.851,1.124,0.943,0.382,1.848,0.696,0.154,1.577,0.901,1.474,1.534,2.174,2.69,3.106,0.633,3.637,1.88,0.288,1.938,5.04,2.991,6.207,6.332,6.867,6.826,6.348,1.191,1.506,4.867,2.154,2.686,3.058,3.547,3.698,1.704,1.46,5.947,3.333,2.109,2.227,5.956,1.595,1.083,3.17,1.339,1.042,1.412,0.837,3.732,0.77,5.415,4.011,1.537,6.534,5.639,2.903,1.575,3.285,1.169,1.739,3.472,1.205,5.753,1.773,0.875,5.809
55.101,5.957,3.723,1.606,2.4,6.766,1.303,0.731,1.362,0.0,1.306,1.697,3.088,5.134,0.881,4.595,1.262,1.432,2.29,1.218,0.528,1.375,1.454,1.052,5.129,5.319,1.012,0.887,1.097,1.209,1.356,1.055,1.324,4.199,3.022,2.467,1.134,1.399,1.525,1.41,2.284,1.297,1.604,0.881,1.036,2.07,3.393,2.252,3.643,1.169,4.173,3.567,1.279,3.104,3.607,2.929,4.773,5.894,6.429,6.388,6.618,2.07,2.016,5.137,1.716,2.249,2.62,4.084,4.234,1.267,0.39,6.217,4.042,1.375,2.166,6.227,1.533,1.539,3.706,0.982,2.85,0.836,1.633,4.441,2.304,5.685,3.573,2.756,6.096,5.909,2.465,1.137,3.822,0.592,2.958,4.008,2.892,5.428,2.309,0.758,6.08
54.121,4.977,4.078,1.786,3.12,5.785,0.965,0.764,1.146,1.152,0.0,0.717,2.939,4.986,1.187,4.95,0.978,1.216,2.634,1.002,1.181,1.036,1.115,1.705,5.484,4.338,1.046,0.92,0.759,0.871,1.071,1.234,0.986,4.05,2.873,1.486,0.203,0.381,1.309,0.362,2.685,1.08,2.257,0.914,0.751,1.464,3.054,2.194,3.494,0.831,4.025,3.418,1.063,2.955,4.544,3.582,5.711,4.914,5.448,5.408,5.637,1.921,1.867,4.156,0.736,2.19,2.562,3.935,4.086,0.529,1.032,5.236,4.397,2.027,2.818,5.246,2.186,0.521,3.557,1.288,2.702,1.488,1.294,4.796,2.988,4.704,2.593,3.098,6.038,4.928,2.407,0.853,3.673,1.245,3.592,3.859,2.743,4.448,2.161,1.076,5.099
53.404,4.26,4.877,2.66,2.87,5.068,1.761,1.266,2.019,1.654,0.715,0.0,2.688,4.735,2.036,5.75,1.335,2.09,2.384,1.876,1.683,1.986,1.675,2.207,6.283,4.088,1.548,1.422,1.633,1.837,1.428,2.108,1.86,3.799,2.623,1.236,0.953,1.218,2.728,0.353,2.434,1.954,2.759,1.416,1.109,1.213,2.804,2.787,3.243,1.905,3.774,3.167,1.937,2.705,5.046,4.084,6.213,4.197,4.732,4.691,5.387,1.671,1.616,3.906,0.508,2.784,3.155,3.684,3.835,0.452,1.534,4.986,5.196,2.529,3.32,4.996,2.688,1.358,3.307,2.137,2.451,1.99,1.854,5.596,2.738,4.454,1.876,2.848,6.631,4.678,3.0,1.21,3.423,1.747,3.342,3.609,2.492,3.731,1.91,1.913,4.849
48.276,6.968,3.51,0.651,0.344,7.777,1.886,1.348,0.653,1.983,3.022,2.708,0.0,4.509,1.409,4.046,3.642,0.945,0.52,0.73,1.602,2.11,1.8,0.777,4.916,5.199,1.629,1.504,2.074,1.962,3.735,1.456,1.208,3.573,0.531,2.002,3.26,2.307,0.599,2.66,0.305,0.807,2.073,1.236,3.416,1.684,0.711,3.025,3.017,2.029,3.548,1.075,0.792,1.801,5.376,3.487,6.543,6.905,7.44,7.399,6.498,1.054,1.369,5.017,2.966,3.022,3.393,3.458,3.609,2.759,1.616,6.097,3.829,2.606,2.724,6.107,2.092,2.447,3.08,1.509,0.237,1.909,0.463,4.229,0.186,5.565,4.584,0.756,6.869,5.789,3.238,3.517,3.196,1.665,1.249,3.382,0.4,5.903,1.684,1.372,5.96
47.423,7.077,7.484,5.192,4.968,7.154,3.86,4.532,4.552,5.167,4.995,4.682,4.786,0.0,4.593,8.237,5.616,4.622,4.482,4.408,4.949,4.084,3.773,4.787,8.89,4.128,4.814,4.688,4.047,3.935,5.709,4.64,4.392,0.936,4.721,3.606,5.234,4.28,4.826,4.633,4.533,4.486,6.025,4.42,5.389,3.556,4.902,6.209,1.534,4.003,1.27,5.266,4.469,4.399,8.56,7.35,9.727,7.014,6.464,7.508,3.368,3.769,3.342,4.188,4.94,6.206,6.577,1.222,1.778,4.732,4.8,4.224,7.803,5.795,6.586,2.909,5.954,4.421,1.467,4.694,4.549,4.986,3.952,8.202,4.836,4.291,6.558,4.946,10.053,3.71,6.422,5.491,1.313,5.013,5.44,1.146,4.59,4.7,3.211,4.482,3.848
53.286,6.201,3.459,1.167,1.961,7.01,0.573,0.819,0.525,1.094,1.047,1.941,2.357,4.404,0.0,4.331,1.506,0.596,2.053,0.381,0.536,0.645,0.723,0.613,4.865,4.855,0.282,0.157,0.367,0.479,1.6,0.615,0.218,3.468,2.292,1.658,0.93,0.749,0.688,1.654,2.103,0.46,1.769,0.707,1.28,1.34,2.473,2.496,2.912,0.439,3.443,2.836,0.442,2.373,4.847,3.094,6.013,6.138,6.673,6.632,6.154,1.34,1.285,4.673,1.96,2.492,2.864,3.353,3.504,1.511,0.89,5.753,3.778,1.54,2.331,5.763,1.699,0.889,2.976,0.1,2.12,0.843,0.903,4.177,2.407,5.221,3.817,2.517,6.34,5.445,2.709,1.381,3.091,0.6,2.519,3.278,2.161,5.559,1.579,0.318,5.616
50.422,10.076,0.873,3.785,4.242,10.885,4.581,4.694,4.168,4.7,5.184,5.816,4.06,7.894,4.566,0.0,5.381,4.637,4.468,4.422,4.213,4.653,4.732,4.256,2.939,8.585,4.89,4.765,4.375,4.487,5.475,4.739,4.687,6.959,3.916,5.387,5.017,4.757,4.527,5.529,4.365,4.323,3.863,4.759,5.155,5.07,3.543,6.371,6.402,4.447,6.933,3.948,4.484,5.186,8.272,5.277,9.439,10.013,10.548,10.507,9.884,4.439,4.754,8.402,5.836,6.368,6.739,6.843,6.994,5.386,4.496,9.482,0.554,5.145,4.514,9.492,3.882,4.897,6.466,4.666,3.823,4.52,4.496,1.53,4.109,8.95,7.692,3.288,10.215,9.175,6.584,5.256,6.582,4.277,2.932,6.768,3.864,9.289,5.069,4.114,9.345
54.763,5.618,4.466,2.248,3.762,6.427,1.427,0.855,1.608,1.242,0.999,1.359,3.581,5.627,1.625,5.338,0.0,1.678,3.276,1.464,1.272,1.499,1.577,1.795,5.872,4.98,1.136,1.011,1.221,1.333,0.099,1.697,1.448,4.692,3.515,2.128,0.796,1.06,1.771,1.071,3.327,1.543,2.347,1.005,0.31,2.106,3.696,2.376,4.136,1.293,4.667,4.06,1.525,3.597,4.635,3.672,5.802,5.556,6.09,6.049,6.279,2.563,2.509,4.798,1.332,2.372,2.744,4.577,4.727,0.928,1.123,5.878,4.785,2.118,2.909,5.888,2.277,1.201,4.199,1.725,3.343,1.579,1.757,5.184,3.63,5.346,3.234,3.74,6.22,5.57,2.589,0.143,4.315,1.335,4.234,4.501,3.385,5.09,2.802,1.501,5.741
53.59,6.505,3.992,1.783,2.843,7.314,0.877,1.123,0.862,1.199,1.351,2.245,2.661,4.708,0.774,4.865,1.81,0.0,1.565,0.718,0.64,0.949,1.027,0.552,5.398,5.159,1.389,1.264,0.671,0.783,1.904,1.231,0.983,3.772,2.596,1.962,1.234,1.053,1.025,1.958,2.407,0.797,1.874,1.011,1.584,1.644,2.777,2.8,3.216,0.743,3.747,3.14,0.78,2.678,4.771,3.199,5.938,6.442,6.977,6.936,6.458,1.644,1.589,4.977,2.264,2.797,3.168,3.657,3.808,1.815,0.995,6.057,4.311,1.644,2.435,6.067,1.803,1.193,3.28,0.874,2.424,0.947,1.207,4.711,2.711,5.525,4.121,2.821,6.644,5.749,3.013,1.685,3.396,0.704,3.135,3.582,2.465,5.863,1.883,0.41,5.92
48.703,6.151,3.375,0.825,0.771,6.959,0.398,1.07,0.483,1.705,1.131,1.891,0.427,3.931,1.131,4.248,1.758,0.749,0.0,0.535,1.487,0.622,0.25,0.582,4.781,4.382,1.352,1.226,0.586,0.474,1.851,1.179,0.93,2.995,0.958,1.184,1.015,0.818,0.404,1.842,0.122,0.614,1.938,0.959,1.532,0.867,1.139,2.747,2.439,0.541,2.97,1.502,0.596,1.527,5.098,3.352,6.265,6.088,6.622,6.582,5.681,0.867,1.095,4.199,2.149,2.744,3.116,2.88,3.031,1.941,1.338,5.279,3.694,2.333,2.589,5.289,1.957,0.959,2.503,1.232,0.664,1.524,0.135,4.094,0.613,4.747,3.767,1.183,6.592,4.972,2.96,1.633,2.618,1.551,1.677,2.804,0.827,5.086,1.106,1.02,5.142
49.365,6.716,2.991,0.699,1.493,7.524,1.088,1.334,0.224,1.409,1.561,2.456,1.005,4.919,0.984,3.863,2.021,0.211,0.902,0.0,0.851,1.159,1.238,0.763,4.397,5.369,1.6,1.474,0.882,0.994,2.114,1.442,1.193,3.983,2.859,2.172,1.445,1.263,0.607,2.169,0.897,0.378,1.554,1.222,1.795,1.855,2.486,3.011,3.427,0.954,3.958,2.891,0.058,2.138,4.981,2.968,6.148,6.653,7.187,7.147,6.668,1.855,1.8,5.187,2.475,3.007,3.379,3.868,4.019,2.025,1.205,6.267,3.31,1.855,2.204,6.277,1.572,1.404,3.49,1.085,2.766,1.158,1.417,3.709,1.397,5.735,4.332,1.849,6.855,5.959,3.224,1.896,3.606,0.914,2.051,3.792,2.807,6.074,2.094,0.621,6.13
49.744,5.935,3.352,1.078,1.872,6.743,1.04,0.553,0.834,0.559,1.042,1.675,2.824,4.871,0.353,4.225,1.24,0.904,1.761,0.69,0.0,1.112,1.19,0.524,4.758,5.297,0.749,0.624,0.834,0.946,1.333,0.526,1.061,3.935,2.759,2.125,0.876,1.103,0.997,1.388,1.756,0.768,1.233,0.618,1.014,1.807,2.865,2.23,3.379,0.906,3.91,3.27,0.751,2.841,4.131,2.558,5.297,5.872,6.407,6.366,6.596,1.807,1.752,5.115,1.694,2.226,2.598,3.82,3.971,1.245,0.355,6.195,3.671,1.004,1.795,6.204,1.163,1.244,3.443,0.454,2.587,0.307,1.37,4.071,1.775,5.663,3.551,2.228,6.074,5.887,2.443,1.115,3.559,0.064,2.43,3.745,2.628,5.406,2.046,0.23,6.057
54.752,5.608,3.893,1.601,2.746,6.416,0.78,0.942,0.961,1.485,0.509,1.348,2.565,4.611,1.003,4.766,1.167,1.032,2.26,0.817,1.359,0.0,0.931,1.197,5.299,4.969,1.223,1.098,0.575,0.687,1.26,1.05,0.802,3.676,2.499,2.117,0.393,0.196,1.124,0.863,2.311,0.896,2.434,0.83,0.941,1.547,2.68,2.619,3.12,0.646,3.651,3.044,0.879,2.581,4.878,3.759,6.045,5.545,6.079,6.039,6.268,1.547,1.493,4.787,1.367,2.615,2.987,3.561,3.711,0.917,1.21,5.867,4.212,2.205,2.996,5.877,2.364,0.337,3.183,1.103,2.327,1.396,1.11,4.612,2.614,5.335,3.224,2.724,6.463,5.559,2.832,1.042,3.299,1.422,2.953,3.485,2.369,5.079,1.787,0.891,5.73
52.598,5.936,3.807,1.516,1.851,6.745,0.183,0.856,0.876,1.491,0.916,1.676,1.67,3.716,0.917,4.68,1.543,0.946,1.365,0.732,1.273,0.408,0.0,1.111,5.213,4.167,1.137,1.012,0.371,0.259,1.637,0.964,0.716,2.781,1.604,0.97,0.8,0.604,1.038,1.628,1.416,0.81,2.348,0.744,1.317,0.652,1.785,2.533,2.225,0.326,2.756,2.149,0.793,1.686,4.884,3.673,6.05,5.873,6.408,6.367,5.466,0.652,0.598,3.985,1.934,2.529,2.901,2.666,2.816,1.727,1.124,5.065,4.126,2.119,2.91,5.075,2.278,0.744,2.288,1.017,1.432,1.31,0.276,4.526,1.719,4.533,3.552,1.829,6.377,4.757,2.746,1.418,2.404,1.337,2.323,2.59,1.474,4.871,0.891,0.805,4.928
53.037,5.953,3.522,1.23,2.291,6.761,0.325,0.571,0.59,1.206,0.798,1.693,2.109,4.156,0.632,4.395,1.258,0.661,1.804,0.446,0.987,0.396,0.475,0.0,4.928,4.606,0.852,0.726,0.119,0.231,1.351,0.679,0.43,3.22,2.044,1.409,0.682,0.5,0.753,1.406,1.855,0.525,2.063,0.459,1.032,1.092,2.224,2.248,2.664,0.191,3.195,2.588,0.508,2.125,4.598,3.388,5.765,5.89,6.424,6.384,5.905,1.092,1.037,4.424,1.712,2.244,2.616,3.105,3.256,1.262,0.838,5.504,3.841,1.834,2.625,5.514,1.993,0.641,2.728,0.732,1.872,1.025,0.654,4.241,2.158,4.972,3.569,2.268,6.092,5.196,2.461,1.133,2.843,1.051,2.582,3.029,1.913,5.311,1.331,0.52,5.367
52.984,10.61,2.09,4.318,5.112,11.418,5.115,5.228,4.702,5.233,5.717,6.35,5.201,8.946,5.1,2.939,5.915,5.17,5.002,4.956,4.746,5.186,5.265,4.79,0.0,9.396,5.424,5.298,4.909,5.021,6.008,5.273,5.22,8.01,6.478,6.199,5.55,5.29,5.061,6.063,4.996,4.856,4.397,5.293,5.689,5.882,6.105,6.905,7.454,4.981,7.985,6.51,5.017,7.748,8.805,3.511,6.655,10.547,11.081,11.041,10.695,5.882,7.316,9.214,6.369,6.901,7.273,7.895,8.046,5.919,5.029,10.294,2.385,5.679,3.757,10.304,3.515,5.431,7.517,5.2,6.385,5.054,5.444,2.785,5.016,9.762,8.226,5.468,10.749,9.986,7.118,5.79,7.633,4.81,5.67,7.819,6.426,10.081,6.121,4.648,10.157
50.517,2.977,7.87,5.578,5.355,3.055,4.246,4.882,4.938,5.269,4.33,4.017,5.173,4.128,4.98,8.623,4.951,5.009,4.868,4.794,5.299,4.47,4.159,5.822,9.276,0.0,5.163,5.038,4.434,4.322,5.044,5.027,4.778,4.042,5.107,3.366,4.569,4.833,5.213,3.968,4.919,4.873,6.374,5.032,4.725,4.156,5.288,6.403,4.528,4.389,4.278,5.652,4.856,5.189,8.662,7.699,9.829,2.914,2.365,3.408,1.61,4.155,4.101,0.182,4.275,6.399,6.771,3.754,4.484,4.067,5.15,1.209,8.189,6.145,6.936,1.219,6.304,4.974,4.173,5.08,4.936,5.606,4.339,8.589,5.222,0.677,3.144,5.332,6.272,0.901,6.616,4.826,4.018,5.362,5.826,3.832,4.977,0.6,4.395,4.868,1.072
53.004,5.919,3.404,1.112,2.257,6.727,0.291,0.537,0.472,1.172,0.764,1.659,2.075,4.122,0.513,4.276,1.224,0.542,1.771,0.328,0.631,0.362,0.441,0.707,4.81,4.573,0.0,0.693,0.085,0.197,1.317,0.56,0.312,3.186,2.01,1.375,0.648,0.467,0.635,1.372,1.821,0.406,2.029,0.425,0.998,1.058,2.19,2.214,2.63,0.157,3.161,2.554,0.389,2.091,4.564,3.354,5.731,5.856,6.391,6.35,5.872,1.058,1.003,4.391,1.678,2.21,2.582,3.071,3.222,1.229,0.805,5.471,3.723,1.8,2.591,5.48,1.959,0.607,2.694,0.614,1.838,0.906,0.62,4.122,2.124,4.939,3.535,2.235,6.058,5.163,2.427,1.099,2.809,0.695,2.464,2.996,1.879,5.277,1.297,0.402,5.334
53.129,6.045,3.529,1.237,2.382,6.853,0.416,0.662,0.597,1.297,0.89,1.785,2.201,4.247,0.639,4.402,1.35,0.668,1.896,0.453,0.757,0.488,0.567,0.833,4.935,4.698,0.125,0.0,0.211,0.323,1.443,0.686,0.438,3.312,2.135,1.501,0.774,0.592,0.76,1.497,1.947,0.532,2.155,0.551,1.124,1.183,2.316,2.339,2.756,0.282,3.287,2.68,0.515,2.217,4.69,3.48,5.857,5.982,6.516,6.475,5.997,1.183,1.129,4.516,1.804,2.336,2.707,3.197,3.347,1.354,0.93,5.596,3.848,1.925,2.716,5.606,2.084,0.733,2.819,0.739,1.963,1.032,0.746,4.248,2.25,5.064,3.66,2.36,6.183,5.288,2.552,1.225,2.935,0.821,2.589,3.121,2.005,5.402,1.423,0.527,5.459
52.919,5.867,3.436,1.144,2.172,6.675,0.206,0.485,0.504,1.12,0.712,1.607,1.99,4.037,0.546,4.309,1.172,0.575,1.686,0.36,0.902,0.277,0.356,0.74,4.842,4.488,0.766,0.641,0.0,0.112,1.265,0.593,0.345,3.101,1.925,1.29,0.596,0.415,0.667,1.32,1.736,0.439,1.977,0.373,0.946,0.973,2.105,2.162,2.545,0.072,3.076,2.469,0.422,2.006,4.512,3.302,5.679,5.804,6.339,6.298,5.787,0.973,0.918,4.306,1.626,2.158,2.53,2.986,3.137,1.177,0.753,5.386,3.755,1.748,2.539,5.395,1.907,0.555,2.609,0.646,1.753,0.939,0.535,4.155,2.039,4.854,3.483,2.15,6.006,5.078,2.375,1.047,2.724,0.965,2.496,2.911,1.794,5.192,1.212,0.434,5.249
52.807,6.145,3.548,1.256,2.06,6.953,0.094,0.597,0.616,1.232,0.674,1.885,1.878,3.925,0.658,4.421,1.284,0.687,1.574,0.472,1.014,0.165,0.244,0.852,4.954,4.376,0.878,0.753,0.112,0.0,1.377,0.705,0.457,2.989,1.813,1.178,0.558,0.362,0.779,1.432,1.624,0.551,2.089,0.485,1.058,0.861,1.993,2.274,2.433,0.067,2.964,2.357,0.534,1.894,4.624,3.414,5.791,6.082,6.617,6.576,5.675,0.861,0.806,4.194,1.738,2.27,2.642,2.874,3.025,1.289,0.865,5.274,3.867,1.86,2.651,5.283,2.019,0.502,2.497,0.758,1.641,1.051,0.423,4.267,1.927,4.742,3.761,2.038,6.118,4.966,2.487,1.159,2.612,1.077,2.531,2.799,1.682,5.08,1.1,0.546,5.137
54.835,5.69,4.538,2.32,3.834,6.499,1.499,0.927,1.68,1.314,1.071,1.43,3.652,5.699,1.696,5.41,0.099,1.75,3.348,1.536,1.343,1.57,1.649,1.867,5.944,5.052,1.208,1.082,1.293,1.405,0.0,1.768,1.52,4.764,3.587,2.2,0.867,1.132,1.843,1.143,3.399,1.614,2.419,1.077,0.41,2.177,3.768,2.448,4.207,1.365,4.738,4.131,1.597,3.669,4.707,3.744,5.874,5.627,6.162,6.121,6.351,2.635,2.581,4.87,1.403,2.444,2.816,4.648,4.799,1.0,1.194,5.95,4.857,2.19,2.981,5.96,2.349,1.272,4.271,1.797,3.415,1.651,1.828,5.256,3.702,5.418,3.306,3.812,6.292,5.642,2.66,0.215,4.387,1.407,4.306,4.573,3.456,5.162,2.874,1.573,5.813
49.252,7.01,2.877,0.585,1.379,7.819,1.382,1.628,0.969,1.704,1.856,2.75,1.469,5.213,1.279,3.75,2.315,1.438,1.269,1.223,1.145,1.454,1.532,1.057,4.283,5.664,1.894,1.769,1.176,1.288,2.409,0.0,1.488,4.277,2.746,2.466,1.739,1.558,1.328,2.463,1.263,1.124,1.44,1.516,2.089,2.149,2.372,3.305,3.721,1.248,4.252,2.777,1.284,4.016,5.276,2.854,6.442,6.947,7.482,7.441,6.963,2.149,3.584,5.482,2.769,3.301,3.673,4.162,4.313,2.32,1.5,6.562,3.196,2.149,2.091,6.572,1.459,1.698,3.785,1.379,2.652,1.452,1.711,3.596,1.283,6.03,4.626,1.735,7.149,6.254,3.518,2.19,3.9,1.209,1.937,4.087,2.693,6.368,2.388,0.915,6.425
53.442,6.358,3.842,1.55,2.695,7.166,0.729,0.975,0.91,1.61,1.203,2.098,2.514,4.56,0.198,4.715,1.663,0.981,2.209,0.766,0.733,0.801,0.88,0.81,5.248,5.011,0.438,0.313,0.523,0.636,1.756,0.999,0.0,3.625,2.448,1.814,1.087,0.905,1.073,1.81,2.26,0.845,1.967,0.863,1.436,1.496,2.629,2.652,3.069,0.595,3.6,2.993,0.828,2.53,5.003,3.292,6.17,6.295,6.829,6.788,6.31,1.496,1.442,4.829,2.117,2.649,3.02,3.51,3.66,1.667,1.088,5.909,4.161,1.737,2.529,5.919,1.896,1.046,3.132,0.298,2.276,1.041,1.059,4.561,2.563,5.377,3.973,2.673,6.496,5.601,2.865,1.538,3.248,0.797,2.902,3.434,2.318,5.715,1.736,0.516,5.772
47.619,8.006,6.548,4.256,4.032,7.069,2.924,3.597,3.616,4.232,4.06,3.746,3.851,0.936,3.658,7.301,4.68,3.687,3.546,3.472,4.013,3.148,2.837,3.852,7.954,4.042,3.878,3.752,3.112,3.0,4.773,3.705,3.456,0.0,3.785,2.671,4.298,3.345,3.891,3.698,3.597,3.551,5.089,3.485,4.454,2.62,3.966,5.274,0.598,3.067,0.335,4.33,3.534,3.463,7.624,6.414,8.791,7.943,6.378,8.437,2.432,2.833,2.407,4.102,4.004,5.27,5.642,0.286,0.843,3.797,3.864,4.138,6.867,4.86,5.651,3.437,5.019,3.485,0.531,3.758,3.614,4.051,3.017,7.267,3.9,4.205,5.622,4.01,9.118,3.624,5.487,4.555,0.377,4.077,4.504,0.21,3.655,4.614,2.275,3.546,3.762
48.678,6.473,4.346,1.487,1.18,7.281,1.391,2.064,1.08,2.699,2.527,2.213,0.998,4.013,2.125,4.449,3.147,1.372,0.682,1.157,2.48,1.615,1.304,1.204,5.752,4.704,2.345,2.219,1.579,1.467,3.24,2.172,1.923,3.078,0.0,1.506,2.765,1.811,1.026,2.165,0.732,1.234,2.909,1.952,2.921,1.189,0.516,3.741,2.522,1.534,3.052,0.544,1.219,1.306,6.091,4.881,7.258,6.41,6.945,6.904,6.003,0.559,0.874,4.522,2.471,3.737,4.109,2.963,3.113,2.264,2.331,5.602,4.665,3.326,4.118,5.611,3.485,1.952,2.585,2.225,0.761,2.518,0.615,5.065,1.048,5.07,4.089,1.158,7.585,5.294,3.953,3.022,2.701,2.544,1.651,2.887,0.802,5.408,1.188,2.013,5.465
51.724,5.871,4.708,2.417,2.193,6.68,1.084,1.757,1.777,2.392,1.925,1.611,2.011,3.606,1.818,5.462,2.545,1.847,1.707,1.633,2.174,1.309,0.998,2.012,6.114,3.293,2.038,1.913,1.272,1.16,2.639,1.865,1.617,2.671,1.946,0.0,2.164,1.505,2.051,1.563,1.757,1.711,3.249,1.645,2.319,0.318,2.127,3.434,2.115,1.227,2.645,2.49,1.694,2.027,5.785,4.574,6.952,5.808,5.761,6.302,4.592,0.994,0.979,3.111,1.869,3.431,3.802,2.556,2.706,1.662,2.025,4.191,5.027,3.02,3.811,4.201,3.179,1.646,2.178,1.918,1.774,2.211,1.177,5.427,2.061,3.659,3.487,2.171,7.278,3.883,3.647,2.42,2.294,2.238,2.664,2.48,1.815,3.997,1.233,1.706,4.054
54.359,5.215,4.316,1.669,3.359,6.024,0.848,0.705,1.029,1.093,0.203,0.955,3.177,5.224,1.475,5.189,0.774,1.1,2.873,0.886,1.122,0.92,0.999,1.646,5.723,4.577,0.987,0.861,0.643,0.755,0.867,1.118,0.87,4.288,3.112,1.725,0.0,0.264,1.192,0.668,2.923,0.964,2.198,0.856,0.548,1.702,3.293,2.226,3.732,0.714,4.263,3.656,0.947,3.194,4.485,3.523,5.652,5.152,5.687,5.646,5.876,2.16,2.105,4.395,0.974,2.223,2.594,4.173,4.324,0.525,0.973,5.475,4.635,1.968,2.759,5.485,2.127,0.405,3.796,1.576,2.94,1.429,1.178,5.035,3.227,4.943,2.831,3.337,6.07,5.167,2.439,0.649,3.912,1.186,3.831,4.098,2.981,4.686,2.399,1.352,5.338
53.289,6.12,3.689,1.397,2.542,6.928,0.576,0.738,0.757,1.373,1.05,1.86,2.36,4.407,0.799,4.562,1.425,0.828,2.056,0.613,1.154,0.648,0.727,0.993,5.095,4.858,1.019,0.893,0.37,0.482,1.518,0.846,0.597,3.472,2.295,1.661,1.06,0.0,0.92,1.573,2.107,0.692,2.23,0.626,1.199,1.343,2.476,2.415,2.915,0.442,3.446,2.839,0.675,2.377,4.765,3.555,5.932,6.057,6.591,6.551,6.157,1.343,1.289,4.676,1.879,2.411,2.783,3.357,3.507,1.429,1.005,5.756,4.008,2.001,2.792,5.766,2.16,0.133,2.979,0.899,2.123,1.192,0.906,4.408,2.41,5.224,3.736,2.52,6.259,5.448,2.628,1.3,3.095,1.218,2.749,3.281,2.164,5.591,1.582,0.687,5.619
49.497,6.128,3.122,0.831,1.139,6.936,0.5,0.746,0.272,1.381,0.973,1.868,1.076,4.331,0.807,3.995,1.433,0.342,0.974,0.128,1.162,0.571,0.65,0.175,4.528,4.782,1.027,0.901,0.294,0.406,1.526,0.854,0.605,3.395,2.219,1.584,0.857,0.675,0.0,1.581,0.968,0.206,1.685,0.634,1.207,1.267,2.617,2.423,2.839,0.366,3.37,2.763,0.189,2.3,4.773,3.099,5.94,6.065,6.6,6.559,6.08,1.267,1.212,4.599,1.887,2.419,2.791,3.28,3.431,1.437,1.013,5.679,3.441,2.009,2.336,5.689,1.704,0.816,2.903,0.907,2.047,1.2,0.829,3.841,1.042,5.147,3.744,1.981,6.267,5.372,2.636,1.308,3.018,1.226,2.183,3.204,2.088,5.486,1.506,0.695,5.542
53.759,4.615,4.592,2.14,2.758,5.423,1.65,0.981,1.5,1.369,0.362,0.355,2.577,4.624,1.541,5.465,1.05,1.57,2.272,1.356,1.398,1.874,1.563,1.922,5.998,3.976,1.262,1.137,1.113,1.726,1.143,1.589,1.34,3.688,2.511,1.124,0.521,0.735,2.616,0.0,2.323,1.435,2.473,1.131,0.824,1.102,2.692,2.502,3.132,1.793,3.663,3.056,1.417,2.593,4.761,3.798,5.928,4.552,5.086,5.046,5.275,1.559,1.505,3.794,0.374,2.498,2.87,3.573,3.724,0.167,1.249,4.874,4.911,2.244,3.035,4.884,2.403,0.875,3.195,1.642,2.34,1.705,1.742,5.311,2.626,4.342,2.231,2.736,6.346,4.566,2.715,0.925,3.311,1.462,3.23,3.497,2.381,4.086,1.799,1.43,4.737
48.581,6.573,3.377,0.794,0.649,7.381,1.49,1.185,0.485,1.82,2.626,2.313,0.305,4.113,1.246,4.352,1.873,0.782,0.357,0.568,1.468,1.715,0.598,0.615,4.783,4.803,1.467,1.341,0.734,1.566,1.966,1.294,1.045,3.177,0.836,1.606,1.297,1.911,0.436,2.264,0.0,0.639,1.94,1.074,1.647,1.289,1.017,2.863,2.621,1.634,3.152,1.38,0.629,1.405,5.213,3.354,6.38,6.51,7.044,7.004,6.102,0.658,0.973,4.621,2.571,2.859,3.231,3.062,3.213,2.363,1.453,5.701,3.696,2.448,2.591,5.711,1.958,2.052,2.685,1.347,0.542,1.776,0.514,4.096,0.491,5.169,4.189,1.061,6.707,5.393,3.075,1.748,2.8,1.532,1.555,2.987,0.705,5.508,1.288,1.239,5.564
49.208,6.241,3.168,0.542,1.021,7.049,0.613,0.859,0.154,1.494,1.086,1.981,0.959,4.444,0.92,4.041,1.546,0.375,0.856,0.161,1.275,0.684,0.763,0.288,4.574,4.894,1.14,1.014,0.407,0.519,1.639,0.967,0.718,3.508,1.49,1.697,0.97,0.788,0.228,1.694,0.851,0.0,1.731,0.747,1.32,1.38,2.328,2.536,2.952,0.479,3.483,2.034,0.222,2.413,4.886,3.145,6.053,6.178,6.712,6.672,6.193,1.379,1.325,4.712,2.0,2.532,2.904,3.393,3.544,1.55,1.126,5.792,3.487,2.122,2.382,5.802,1.749,0.929,3.015,1.02,1.196,1.313,0.942,3.887,0.924,5.26,3.857,1.691,6.38,5.484,2.748,1.421,3.131,1.339,1.893,3.317,1.359,5.599,1.619,0.808,5.655
50.094,6.213,3.63,1.428,2.222,7.021,1.318,0.831,1.183,0.837,1.32,1.953,3.102,5.149,0.703,4.503,1.518,1.254,2.111,1.04,0.35,1.39,1.468,0.874,5.036,5.575,1.027,0.902,1.112,1.224,1.612,0.876,1.339,4.214,3.037,2.403,1.154,1.381,1.346,1.666,2.105,1.118,0.0,0.896,1.292,2.085,3.214,2.508,3.657,1.184,4.188,3.581,1.101,3.119,4.409,2.837,5.576,6.15,6.685,6.644,6.874,2.085,2.03,5.393,1.972,2.504,2.876,4.098,4.249,1.523,0.633,6.473,3.949,1.282,2.073,6.482,1.441,1.522,3.721,0.803,2.865,0.657,1.648,4.349,2.125,5.941,3.829,2.578,6.352,6.165,2.721,1.393,3.837,0.414,2.78,4.023,2.906,5.684,2.324,0.579,6.336
54.809,5.665,3.894,1.4,2.544,6.473,0.579,0.283,0.759,0.918,0.772,1.405,2.363,4.41,0.801,4.766,0.97,0.83,2.058,0.616,0.699,0.65,0.729,1.223,5.3,5.026,0.288,0.162,0.373,0.485,1.063,0.848,0.6,3.474,2.297,1.663,0.605,0.754,0.922,1.118,2.109,0.694,1.775,0.0,0.744,1.345,2.478,1.96,2.918,0.445,3.449,2.842,0.677,2.379,4.31,3.1,5.477,5.602,6.136,6.096,6.325,1.345,1.291,4.844,1.424,1.956,2.328,3.359,3.51,0.974,0.55,5.924,4.213,1.546,2.337,5.934,1.704,0.895,2.981,0.901,2.126,1.007,0.908,4.612,2.412,5.392,3.281,2.522,5.804,5.616,2.173,0.845,3.097,0.763,2.751,3.283,2.167,5.136,1.585,0.689,5.787
54.515,5.371,4.218,2.0,3.515,6.179,1.179,0.607,1.36,0.995,0.751,1.111,3.333,5.38,1.377,5.091,0.31,1.431,3.028,1.216,1.024,1.251,1.33,1.548,5.624,4.732,0.888,0.763,0.973,1.085,0.41,1.449,1.2,4.444,3.268,1.88,0.548,0.812,1.523,0.824,3.079,1.295,2.099,0.757,0.0,1.858,3.448,2.128,3.888,1.045,4.419,3.812,1.278,3.349,4.387,3.424,5.554,5.308,5.842,5.802,6.031,2.316,2.261,4.55,1.13,2.125,2.496,4.329,4.48,0.68,0.875,5.63,4.537,1.87,2.661,5.64,2.029,0.953,3.952,1.477,3.096,1.331,1.509,4.937,3.382,5.098,2.987,3.492,5.972,5.322,2.341,0.285,4.067,1.088,3.986,4.253,3.137,4.842,2.555,1.253,5.493
52.216,5.554,4.391,2.099,1.875,6.362,0.767,1.44,1.459,2.075,1.607,1.294,1.694,3.74,1.501,5.144,2.228,1.529,1.389,1.315,1.856,0.991,0.68,1.694,5.797,3.785,1.721,1.595,0.955,0.843,2.321,1.548,1.299,2.805,1.628,0.318,1.846,1.187,1.733,1.245,1.44,1.394,2.932,1.328,2.002,0.0,1.809,3.117,2.249,0.91,2.78,2.173,1.376,1.71,5.467,4.257,6.634,5.491,6.025,5.985,5.084,0.676,0.622,3.602,1.552,3.113,3.485,2.69,2.84,1.344,1.707,4.682,4.71,2.702,3.493,4.692,2.861,1.328,2.312,1.601,1.456,1.894,0.859,5.109,1.743,4.15,3.17,1.853,6.961,4.375,3.329,2.103,2.428,1.92,2.347,2.614,1.498,4.489,0.916,1.389,4.545
47.788,7.035,4.719,1.73,0.923,7.843,1.953,2.626,1.316,3.261,3.089,2.775,0.741,4.575,2.687,3.559,3.709,1.686,1.261,1.471,3.042,2.177,1.866,1.519,6.125,5.266,2.907,2.781,2.141,2.029,3.802,2.734,2.485,3.64,0.516,2.069,3.327,2.374,1.34,2.727,1.046,1.47,3.282,2.514,3.483,1.751,0.0,4.303,3.084,2.096,3.615,0.405,1.533,1.868,6.653,4.696,7.82,6.972,7.507,7.466,6.565,1.121,1.436,5.084,3.033,4.299,4.671,3.525,3.675,2.826,2.893,6.164,4.068,3.889,3.933,6.174,3.301,2.514,3.147,2.787,0.504,3.08,1.177,5.438,0.79,5.632,4.651,0.268,8.147,5.856,4.516,3.584,3.263,3.106,0.762,3.449,0.545,5.97,1.751,2.575,6.027
56.086,6.942,5.434,3.216,4.361,7.75,2.395,1.823,2.576,2.211,2.323,2.682,4.18,6.226,2.593,6.307,2.247,2.647,3.875,2.432,2.24,2.467,2.546,2.764,6.84,6.304,2.104,1.979,2.189,2.301,2.341,2.665,2.416,5.291,4.114,3.452,2.119,2.384,2.739,2.395,3.926,2.511,3.315,1.973,2.021,3.429,4.295,0.0,4.734,2.261,5.265,4.659,2.494,4.196,5.603,4.64,6.77,6.512,7.414,7.373,7.603,3.162,3.108,6.122,2.701,0.637,0.368,5.176,5.326,2.252,2.091,7.202,5.753,3.086,3.877,7.211,3.245,2.524,4.798,2.693,3.942,2.547,2.725,6.153,4.229,6.67,4.558,4.339,3.844,6.894,0.255,2.122,4.914,2.304,4.568,5.1,3.983,6.413,3.401,2.469,7.065
48.217,7.45,5.992,3.7,3.476,8.258,2.368,3.041,3.06,3.676,3.504,3.19,3.295,1.534,3.102,6.745,4.124,3.13,2.99,2.916,3.457,2.592,2.281,3.295,7.398,4.429,3.322,3.196,2.556,2.444,4.217,3.149,2.9,0.598,3.229,2.115,3.742,2.788,3.334,3.141,3.041,2.995,4.533,2.929,3.898,2.064,3.41,4.718,0.0,2.511,0.834,3.774,2.977,2.907,7.068,5.858,8.235,7.387,6.897,7.881,2.63,2.277,1.85,4.247,3.448,4.714,5.086,0.483,0.579,3.241,3.308,5.327,6.311,4.303,5.094,3.635,4.462,2.929,0.106,3.202,3.057,3.495,2.46,6.71,3.344,4.795,5.066,3.454,8.562,3.821,4.93,3.999,0.221,3.521,3.948,0.408,3.099,5.133,1.719,2.99,3.96
52.874,5.939,3.508,1.216,2.127,6.747,0.161,0.557,0.576,1.192,0.784,1.679,1.945,3.992,0.618,4.381,1.244,0.647,1.641,0.432,0.973,0.233,0.311,0.812,4.914,4.443,0.838,0.713,0.072,0.067,1.337,0.665,0.417,3.056,1.88,1.246,0.668,0.39,0.739,1.392,1.691,0.511,2.049,0.445,1.018,0.928,2.061,2.234,2.5,0.0,3.031,2.424,0.494,1.962,4.584,3.374,5.751,5.876,6.411,6.37,5.742,0.928,0.873,4.261,1.698,2.23,2.602,2.941,3.092,1.248,0.825,5.341,3.827,1.82,2.611,5.351,1.979,0.531,2.564,0.718,1.708,1.011,0.491,4.227,1.995,4.809,3.555,2.105,6.078,5.033,2.447,1.119,2.68,1.037,2.599,2.866,1.749,5.147,1.167,0.506,5.204
47.954,7.981,6.523,4.231,4.007,8.789,2.899,3.571,3.591,4.206,4.034,3.721,3.826,1.27,3.632,7.276,4.655,3.661,3.521,3.447,3.988,3.123,2.812,3.826,7.929,4.96,3.853,3.727,3.087,2.975,4.748,3.68,3.431,0.335,3.76,2.645,4.273,3.319,3.865,3.672,3.572,3.526,5.064,3.46,4.429,2.595,3.941,5.249,0.834,3.042,0.0,4.305,3.508,1.957,7.599,6.389,8.766,7.918,7.428,8.412,2.668,2.808,2.381,4.778,3.979,5.245,5.617,0.522,1.078,3.771,3.839,4.374,6.842,4.834,5.625,5.041,4.993,3.46,0.767,3.733,3.588,4.025,2.991,7.241,3.875,5.326,5.597,3.985,9.093,3.86,5.461,4.53,0.613,4.052,4.479,0.446,3.63,5.664,2.25,3.521,3.998
47.798,7.017,4.915,1.926,1.088,7.826,1.935,2.608,1.48,3.243,3.071,2.757,0.906,4.558,2.669,3.754,3.691,1.85,1.226,1.636,3.025,2.16,1.849,1.683,6.321,5.248,2.889,2.764,2.123,2.011,3.785,2.716,2.468,3.622,0.544,2.051,3.309,2.356,1.505,2.709,1.211,1.635,3.478,2.496,3.465,1.733,0.405,4.285,3.066,2.078,3.597,0.0,1.697,1.85,6.636,4.891,7.802,6.954,7.489,7.448,6.547,1.103,1.418,5.066,3.015,4.281,4.653,3.507,3.658,2.808,2.876,6.146,4.264,3.871,4.128,6.156,3.496,2.496,3.13,2.769,0.669,3.062,1.16,5.633,0.955,5.614,4.633,0.674,8.129,5.838,4.498,3.566,3.245,3.088,0.772,3.431,0.71,5.952,1.733,2.557,6.009
49.308,6.658,2.933,0.642,1.436,7.467,1.03,1.276,0.167,1.352,1.504,2.398,0.947,4.861,0.927,3.806,1.963,0.153,0.845,0.393,0.793,1.102,1.181,0.705,4.339,5.312,1.542,1.417,0.824,0.936,2.057,1.384,1.136,3.926,2.802,2.115,1.387,1.206,0.549,2.111,0.839,0.321,1.496,1.164,1.737,1.797,2.428,2.953,3.369,0.896,3.9,2.833,0.0,2.081,4.924,2.91,6.091,6.595,7.13,7.089,6.611,1.797,1.743,5.13,2.418,2.95,3.321,3.81,3.961,1.968,1.148,6.21,3.252,1.797,2.147,6.22,1.515,1.346,3.433,1.027,2.708,1.1,1.36,3.652,1.339,5.678,4.274,1.791,6.797,5.902,3.166,1.838,3.549,0.857,1.993,3.735,2.749,6.016,2.036,0.564,6.073
49.476,6.911,5.145,2.286,1.978,7.719,1.829,2.502,1.878,3.137,2.965,2.651,1.797,3.228,2.563,5.247,3.585,2.17,1.48,1.956,2.918,2.053,1.742,2.003,6.551,5.142,2.783,2.657,2.017,1.905,3.678,2.61,2.361,2.292,1.731,1.945,3.203,2.25,1.824,2.603,1.531,2.033,3.708,2.39,3.359,1.627,1.912,4.179,2.907,1.972,1.957,2.276,2.017,0.0,6.529,5.319,7.696,6.848,7.383,7.342,5.495,1.357,1.312,4.96,2.909,4.175,4.547,3.348,3.499,2.702,2.769,6.04,5.464,3.765,4.556,6.05,3.924,2.39,2.971,2.663,1.56,2.956,1.414,5.863,1.846,5.508,4.527,1.956,8.023,5.732,4.392,3.46,3.086,2.982,2.45,3.273,1.601,5.846,1.748,2.451,5.903
58.494,9.35,7.295,5.178,5.972,10.158,4.696,4.124,4.877,3.607,4.698,5.09,6.48,8.527,4.454,8.167,4.655,4.947,6.176,4.733,4.1,4.767,4.846,4.624,8.701,8.711,4.405,4.28,4.49,4.602,4.748,4.627,4.717,7.591,6.415,5.859,4.527,4.791,5.04,4.803,6.226,4.811,5.176,4.274,4.429,5.463,6.595,5.645,7.035,4.562,7.566,6.959,4.794,6.496,0.0,6.501,1.167,9.287,9.821,9.781,10.01,5.463,5.408,8.529,5.109,3.434,6.013,7.476,7.627,4.659,3.962,9.609,7.614,3.496,5.738,9.619,5.106,4.932,7.099,4.554,6.243,4.408,5.025,8.013,6.529,9.077,6.966,6.64,9.489,9.301,3.391,4.53,7.214,4.164,6.53,7.401,6.284,8.821,5.702,4.33,9.472
51.658,8.507,2.895,2.991,3.785,9.316,3.613,3.125,3.375,3.131,3.615,4.247,3.875,7.444,2.997,3.743,3.813,3.548,3.675,3.334,2.644,3.684,3.763,3.168,3.008,7.869,3.322,3.196,3.407,3.519,3.906,3.171,3.634,6.508,5.152,4.697,3.448,3.676,3.734,3.96,3.669,3.53,2.294,3.19,3.586,4.379,4.778,4.802,5.952,3.479,6.483,5.183,3.395,5.413,6.703,0.0,7.87,8.445,8.979,8.938,9.168,4.379,4.325,7.687,4.267,4.799,5.17,6.393,6.543,3.817,2.927,8.767,3.189,3.576,1.105,8.777,1.483,3.816,6.015,3.098,5.058,2.951,3.942,3.589,3.689,8.235,6.123,4.141,8.646,8.459,5.015,3.688,6.131,2.708,4.343,6.317,5.099,7.979,4.619,2.874,8.63
59.661,10.517,8.462,6.345,7.139,11.325,5.863,5.291,6.044,4.773,5.865,6.257,7.647,9.694,5.62,9.334,5.822,6.114,7.342,5.9,5.267,5.934,6.013,5.791,6.697,9.878,5.572,5.446,5.657,5.769,5.915,5.794,5.884,8.758,7.582,7.026,5.694,5.958,6.207,5.97,7.393,5.978,6.343,5.441,5.596,6.63,7.762,6.812,8.202,5.729,8.733,8.126,5.961,7.663,1.167,7.668,0.0,10.454,10.988,10.948,11.177,6.63,6.575,9.696,6.276,4.601,7.18,8.643,8.794,5.826,5.129,10.776,8.781,4.663,6.904,10.786,6.272,6.099,8.266,5.721,7.41,5.575,6.192,9.18,7.696,10.244,8.133,7.806,10.656,10.468,4.558,5.697,8.381,5.331,7.697,8.567,7.451,9.988,6.869,5.497,10.639
52.705,0.619,9.1,6.882,7.093,1.155,5.984,5.489,6.242,5.877,4.938,4.223,6.911,7.014,6.259,9.973,5.558,6.313,6.607,6.098,5.906,6.209,5.898,6.43,10.506,2.914,5.77,5.645,5.855,6.06,5.651,6.331,6.082,6.928,6.846,5.459,5.176,5.44,6.951,4.576,6.657,6.177,6.981,5.639,5.332,5.436,7.026,6.512,7.466,6.127,7.164,7.39,6.16,6.927,9.269,8.306,10.436,0.0,1.846,1.05,4.496,5.894,5.839,2.879,4.522,6.674,6.221,6.64,7.37,4.675,5.757,4.095,9.419,6.752,7.543,4.105,6.911,5.581,7.53,6.359,6.674,6.213,6.077,9.819,6.96,3.563,2.809,7.071,2.721,3.787,6.589,5.433,7.645,5.97,7.564,6.718,6.715,2.113,6.133,6.135,3.958
53.24,1.36,9.635,7.417,7.627,0.69,6.519,6.024,6.777,6.411,5.472,4.757,7.446,6.464,6.794,10.507,6.092,6.847,7.141,6.633,6.44,6.743,6.432,6.964,11.041,2.365,6.305,6.179,6.39,6.595,6.186,6.865,6.617,6.378,7.38,5.834,5.711,5.975,7.485,5.11,7.192,6.711,7.516,6.174,5.866,5.971,7.561,7.545,6.997,6.662,6.614,7.925,6.694,7.462,9.804,8.841,10.971,1.733,0.0,0.929,3.946,6.428,6.374,2.547,5.056,7.541,7.913,6.09,6.82,5.209,6.291,4.142,9.954,7.287,8.078,3.555,7.446,6.116,6.509,6.894,7.209,6.748,6.611,10.353,7.495,3.013,3.344,7.605,4.125,3.237,7.758,5.967,6.354,6.504,8.099,6.168,7.25,2.096,6.668,6.67,3.408
53.199,0.431,9.594,7.376,7.587,0.343,6.478,5.983,6.736,6.37,5.431,4.717,7.405,7.508,6.753,10.467,6.052,6.806,7.1,6.592,6.4,6.702,6.392,6.924,11.0,3.408,6.264,6.139,6.349,6.554,6.145,6.825,6.576,7.422,7.34,5.952,5.67,5.934,7.445,5.069,7.151,6.671,7.475,6.133,5.826,5.93,7.52,7.504,7.96,6.621,7.658,7.884,6.653,7.421,9.763,8.8,10.93,0.955,0.929,0.0,4.99,6.388,6.333,3.373,5.016,7.5,7.277,7.134,7.863,5.168,6.251,4.53,9.913,7.246,8.037,4.598,7.405,6.075,8.024,6.853,7.168,6.707,6.571,10.313,7.454,4.057,3.303,7.564,3.777,4.281,7.717,5.927,8.139,6.463,8.058,7.212,7.209,2.607,6.627,6.629,4.452
51.816,4.559,9.169,6.877,6.653,4.636,5.545,6.181,6.237,6.568,5.629,5.316,6.472,3.368,6.279,9.922,6.25,6.308,6.167,6.093,6.598,5.769,5.458,7.121,10.575,1.61,6.462,6.337,5.733,5.621,6.343,6.326,6.077,2.432,6.406,4.665,5.868,6.132,6.512,5.267,6.218,6.172,7.673,6.331,6.023,5.455,6.587,7.702,2.63,5.688,2.668,6.951,6.155,5.495,9.961,8.998,11.128,4.496,3.946,4.99,0.0,5.454,4.438,1.67,5.574,7.698,8.07,2.144,2.874,5.366,6.449,1.706,9.488,7.444,8.235,1.005,7.603,6.273,2.563,6.379,6.235,6.905,5.638,9.888,6.521,1.772,4.726,6.631,7.854,1.192,7.915,6.125,2.408,6.661,7.125,2.222,6.276,2.182,4.306,6.167,1.33
48.694,5.911,4.453,1.503,1.196,6.719,0.829,1.501,1.521,2.137,1.964,1.651,1.014,3.451,1.562,4.464,2.585,1.591,0.709,1.377,1.918,1.053,0.742,1.232,5.859,4.142,1.783,1.657,1.017,0.905,2.678,1.61,1.361,2.516,0.949,0.944,2.203,1.249,1.054,1.602,0.76,1.456,2.994,1.39,2.359,0.627,1.129,3.179,1.959,0.972,2.49,1.493,1.438,1.379,5.529,4.319,6.696,5.848,6.382,6.342,5.441,0.0,0.311,3.96,1.909,3.175,3.547,2.401,2.551,1.702,1.769,5.04,4.772,2.764,3.555,5.049,2.923,1.39,2.023,1.663,0.777,1.956,0.643,5.171,1.063,4.507,3.527,1.173,7.023,4.732,3.391,2.46,2.139,1.982,1.667,2.325,0.818,4.846,0.626,1.451,4.902
52.261,5.599,4.141,1.85,1.626,6.408,0.517,1.19,1.21,1.825,1.653,1.339,1.444,3.491,1.251,4.895,2.273,1.28,1.14,1.066,1.607,0.742,0.431,1.445,5.547,3.83,1.471,1.346,0.705,0.593,2.367,1.298,1.05,2.555,1.379,0.633,1.892,0.938,1.484,1.291,1.19,1.144,2.682,1.078,2.047,0.315,1.559,2.867,1.999,0.66,2.53,1.923,1.127,1.46,5.218,4.007,6.385,5.536,6.071,6.03,5.129,0.427,0.0,3.648,1.597,2.864,3.235,2.44,2.591,1.39,1.458,4.728,4.46,2.453,3.244,4.738,2.612,1.079,2.063,1.351,1.207,1.644,0.61,4.86,1.493,4.196,3.215,1.604,6.711,4.42,3.08,2.148,2.178,1.671,2.097,2.365,1.248,4.534,0.666,1.139,4.591
50.335,3.159,7.688,5.396,5.172,3.237,4.064,4.7,4.756,5.087,4.148,3.835,4.991,4.188,4.798,8.441,4.769,4.827,4.686,4.612,5.116,4.288,3.977,5.64,9.094,0.182,4.981,4.856,4.252,4.14,4.862,4.845,4.596,4.102,4.925,3.184,4.387,4.651,5.03,3.786,4.737,4.691,6.192,4.85,4.542,3.973,5.106,6.221,4.346,4.207,4.338,5.47,4.673,5.007,8.48,7.517,9.647,3.096,2.547,3.59,1.67,3.973,3.919,0.0,4.093,6.217,6.589,3.814,4.544,3.885,4.968,1.269,8.007,5.963,6.754,1.279,6.122,4.792,4.41,4.898,4.754,5.424,4.156,8.407,5.04,0.737,3.327,5.15,6.454,0.961,6.434,4.644,4.526,5.18,5.644,3.892,4.795,0.783,4.213,4.686,1.132
53.659,4.515,4.898,2.681,3.065,5.323,1.956,1.287,2.041,1.675,0.736,0.661,2.883,4.93,2.057,5.771,1.356,2.111,2.579,1.897,1.704,2.181,1.87,2.228,6.305,4.283,1.569,1.443,1.654,2.032,1.347,2.129,1.881,3.994,2.818,1.431,0.974,1.109,2.203,0.374,2.629,1.975,2.78,1.438,1.13,1.408,2.998,2.808,3.438,2.099,3.969,3.362,1.958,2.899,5.068,4.105,6.234,4.452,4.986,4.946,5.582,1.866,1.811,4.101,0.0,2.805,3.176,3.879,4.03,0.473,1.555,5.181,5.217,2.55,3.341,5.19,2.709,1.249,3.502,2.158,2.646,2.012,2.049,5.617,2.932,4.649,2.131,3.043,6.652,4.873,3.021,1.231,3.617,1.768,3.536,3.804,2.687,3.986,2.105,1.934,5.043
56.083,6.938,5.431,3.213,4.358,7.747,2.392,1.82,2.573,2.207,2.319,2.679,4.176,6.223,2.589,6.303,2.244,2.643,3.871,2.429,2.236,2.463,2.542,2.76,6.837,6.3,2.101,1.975,2.186,2.298,2.337,2.661,2.413,5.287,4.111,3.448,2.116,2.38,2.735,2.391,3.922,2.507,3.312,1.97,2.017,3.426,4.291,0.637,4.731,2.258,5.262,4.655,2.49,4.192,3.434,4.637,4.601,6.674,7.41,7.369,7.599,3.159,3.104,6.118,2.698,0.0,3.018,5.172,5.323,2.248,2.087,7.198,5.75,3.082,3.873,7.208,3.241,2.521,4.795,2.69,3.939,2.544,2.721,6.149,4.225,6.666,4.554,4.335,4.007,6.89,0.216,2.119,4.91,2.3,4.565,5.096,3.98,6.41,3.398,2.466,7.061
56.454,6.99,5.802,3.584,4.729,6.935,2.763,2.191,2.944,2.579,2.691,3.05,4.548,6.594,2.961,6.675,2.615,3.015,4.243,2.8,2.608,2.835,2.914,3.132,7.208,6.672,2.472,2.347,2.557,2.669,2.709,3.033,2.784,5.659,4.482,3.82,2.487,2.752,3.107,2.763,4.294,2.879,3.683,2.341,2.389,3.797,4.663,0.368,5.103,2.629,5.633,5.027,2.862,4.564,5.971,5.008,7.138,6.221,7.782,7.421,7.971,3.53,3.476,6.49,3.069,3.018,0.0,5.544,5.694,2.62,2.459,7.57,6.121,3.454,4.245,7.579,3.613,2.892,5.166,3.061,4.31,2.915,3.093,6.521,4.597,7.038,4.926,4.707,3.553,7.262,2.975,2.49,5.282,2.672,4.936,5.468,4.352,6.781,3.769,2.837,7.433
47.905,6.703,6.433,4.141,3.917,6.78,2.809,3.482,3.501,4.117,3.945,3.631,3.736,1.222,3.543,7.186,4.565,3.571,3.431,3.357,3.898,3.033,2.722,3.737,7.839,3.754,3.763,3.637,2.997,2.885,4.658,3.59,3.341,0.286,3.67,2.556,4.183,3.229,3.775,3.583,3.482,3.436,4.974,3.37,4.339,2.505,3.851,5.159,0.483,2.952,0.522,4.215,3.418,3.348,7.509,6.299,8.676,6.64,6.09,7.134,2.144,2.718,2.292,3.814,3.889,5.155,5.527,0.0,0.727,3.682,3.749,3.85,6.752,4.744,5.536,3.149,4.903,3.37,0.416,3.643,3.499,3.936,2.901,7.151,3.785,3.917,5.507,3.895,9.003,3.336,5.371,4.44,0.262,3.962,4.389,0.076,3.54,4.326,2.16,3.431,3.474
48.461,8.042,6.584,4.292,4.068,8.85,2.959,3.632,3.652,4.267,4.095,3.782,3.886,1.778,3.693,7.337,4.716,3.722,3.582,3.508,4.049,3.184,2.873,3.887,7.99,5.021,3.914,3.788,3.147,3.035,4.809,3.74,3.492,0.843,3.821,2.706,4.334,3.38,3.926,3.733,3.633,3.586,5.125,3.52,4.489,2.656,4.002,5.309,0.579,3.103,1.078,4.365,3.569,3.499,7.66,6.45,8.827,7.979,7.489,8.473,2.983,2.869,2.442,4.839,4.04,5.306,5.677,0.837,0.0,3.832,3.9,4.689,6.903,4.895,5.686,3.988,5.054,3.521,0.473,3.794,3.649,4.086,3.052,7.302,3.936,4.756,5.658,4.046,9.153,4.175,5.522,4.591,0.701,4.113,4.54,0.652,3.69,5.725,2.311,3.582,4.313
53.949,4.805,4.449,2.231,2.949,5.613,1.41,0.838,1.591,1.225,0.62,0.545,2.767,4.814,1.608,5.321,0.907,1.661,2.463,1.447,1.254,1.481,1.754,1.778,5.855,4.167,1.119,0.993,1.204,1.316,1.0,1.679,1.431,3.878,2.702,1.314,0.525,0.789,1.754,0.258,2.513,1.525,2.33,0.988,0.68,1.292,2.882,2.359,3.322,1.276,3.853,3.246,1.508,2.783,4.618,3.655,5.785,4.742,5.277,5.236,5.466,1.75,1.695,3.984,0.531,2.355,2.727,3.763,3.914,0.0,1.105,5.064,4.768,2.101,2.892,5.074,2.26,0.93,3.386,1.708,2.53,1.562,1.933,5.167,2.816,4.532,2.421,2.927,6.203,4.757,2.572,0.781,3.501,1.318,3.42,3.688,2.571,4.276,1.989,1.484,4.927
50.11,6.229,3.56,1.444,2.238,7.037,1.334,0.847,1.199,0.361,1.336,1.969,3.118,5.165,0.719,4.433,1.534,1.27,2.127,1.056,0.366,1.406,1.484,0.89,4.966,5.591,1.043,0.918,1.128,1.24,1.627,0.892,1.355,4.229,3.053,2.419,1.17,1.397,1.362,1.682,2.121,1.134,1.441,0.912,1.308,2.101,3.23,2.524,3.673,1.2,4.204,3.597,1.117,3.135,3.933,2.766,5.1,6.166,6.701,6.66,6.89,2.101,2.046,5.409,1.988,2.52,2.892,4.114,4.265,1.539,0.0,6.489,3.879,1.212,2.003,6.498,1.371,1.538,3.737,0.819,2.881,0.673,1.664,4.279,2.141,5.957,3.845,2.594,6.368,6.181,2.737,1.409,3.853,0.43,2.796,4.039,2.922,5.7,2.34,0.595,6.352
32.185,4.158,8.768,6.476,6.252,4.29,5.144,5.78,5.836,6.167,5.228,4.915,6.071,4.823,5.878,9.521,5.849,5.907,5.766,5.692,6.196,5.368,5.057,6.72,10.174,1.209,6.061,5.936,5.332,5.22,5.942,5.925,5.676,4.737,6.005,4.264,5.467,5.731,6.11,4.866,5.817,5.771,7.272,5.93,5.622,5.053,6.186,7.301,5.426,5.287,4.973,6.55,5.753,6.087,9.56,8.597,10.727,4.095,4.142,4.53,2.305,5.053,4.999,1.269,5.173,7.297,7.669,4.449,5.178,4.965,6.048,0.0,9.087,7.043,7.834,1.913,7.202,5.872,4.867,5.978,5.834,6.504,5.236,9.487,6.12,0.542,4.325,6.23,7.725,0.557,7.514,5.724,4.713,6.26,6.724,4.527,5.875,1.781,5.293,5.766,0.41
50.932,9.523,0.319,3.231,4.025,10.331,4.028,4.141,3.615,4.146,4.63,5.263,4.569,7.859,4.013,0.554,4.828,4.083,3.914,3.869,3.659,4.099,4.178,3.703,2.385,8.309,4.337,4.211,3.822,3.934,4.921,4.186,4.133,6.923,4.426,5.112,4.463,4.203,3.974,4.976,3.909,3.769,3.31,4.206,4.602,4.794,4.052,5.818,6.367,3.894,6.898,4.458,3.93,5.696,7.718,4.723,8.885,9.46,9.994,9.954,9.608,4.949,5.264,8.127,5.282,5.814,6.186,6.808,6.959,4.832,3.942,9.207,0.0,4.592,3.96,9.217,3.328,4.344,6.43,4.113,4.332,3.967,4.357,0.977,3.928,8.675,7.139,4.381,9.662,8.899,6.03,4.703,6.546,3.723,3.441,6.732,4.373,8.994,5.034,3.561,9.07
50.597,7.67,3.353,1.931,2.725,8.478,2.552,2.065,2.315,1.927,2.554,3.41,2.814,6.383,1.937,4.225,2.975,2.488,2.614,2.273,1.584,2.624,2.702,2.107,4.759,7.032,2.261,2.136,2.346,2.458,3.068,2.11,2.573,5.447,4.091,3.636,2.847,2.615,2.674,3.123,2.609,2.469,1.234,2.13,2.749,3.319,3.718,3.965,4.891,2.418,5.422,4.123,2.335,4.352,3.496,2.559,4.663,7.607,8.142,8.101,8.331,3.319,3.264,6.849,3.429,2.115,4.333,5.332,5.483,2.979,1.866,7.929,3.672,0.0,1.795,7.939,1.163,2.756,4.955,2.037,3.998,1.891,2.881,4.071,2.628,7.397,5.286,3.081,7.809,7.622,2.332,2.85,5.07,1.647,3.283,5.257,4.039,7.141,3.558,1.813,7.792
50.807,7.657,3.562,2.141,2.935,8.465,2.762,2.274,2.524,2.28,2.764,3.397,3.024,6.593,2.146,4.435,2.962,2.697,2.824,2.483,1.793,2.833,2.912,2.317,4.968,7.018,2.471,2.345,2.556,2.668,3.055,2.32,2.783,5.657,4.301,3.846,2.597,2.825,2.883,3.109,2.818,2.679,1.444,2.34,2.736,3.529,3.927,3.951,5.101,2.628,5.632,4.333,2.544,4.562,5.852,1.105,7.019,7.594,8.128,8.087,8.317,3.528,3.474,6.836,3.416,3.948,4.319,5.542,5.693,2.966,2.076,7.916,3.881,2.726,0.0,7.926,0.632,2.965,5.164,2.247,4.207,2.101,3.091,4.281,2.838,7.384,5.273,3.291,7.796,7.608,4.164,2.837,5.28,1.857,3.493,5.466,4.248,7.128,3.768,2.023,7.779
51.425,4.168,8.778,6.486,6.262,4.245,5.154,5.79,5.846,6.177,5.238,4.925,6.081,2.909,5.887,9.531,5.858,5.916,5.776,5.702,6.206,5.378,5.067,6.73,10.184,1.219,6.071,5.945,5.342,5.23,5.952,5.935,5.686,3.437,6.015,4.274,5.477,5.741,6.12,4.876,5.827,5.781,7.282,5.94,5.632,5.063,6.196,7.311,3.635,5.297,3.673,6.56,5.763,6.097,9.57,8.607,10.737,4.105,3.555,4.598,1.005,5.063,5.009,1.279,5.183,7.307,7.679,3.149,3.879,4.975,6.057,1.315,9.097,7.053,7.844,0.0,7.212,5.882,3.568,5.988,5.843,6.514,5.246,9.496,6.13,1.381,4.335,6.24,7.463,0.8,7.524,5.733,3.413,6.27,6.734,3.227,5.885,1.791,5.303,5.776,0.939
50.175,7.024,2.93,1.509,2.303,7.833,2.13,1.642,1.892,1.648,2.132,2.765,2.392,5.961,1.514,3.803,2.33,2.065,2.192,1.851,1.161,2.201,2.28,1.685,4.336,6.386,1.839,1.713,1.924,2.036,2.423,1.688,2.151,5.025,3.669,3.214,1.965,2.193,2.251,2.477,2.186,2.047,0.811,1.707,2.103,2.896,3.295,3.319,4.469,1.996,5.0,3.7,1.912,3.93,5.22,1.395,6.387,6.962,7.496,7.455,7.685,2.896,2.842,6.204,2.784,3.316,3.687,4.91,5.061,2.334,1.444,7.284,3.249,2.094,0.632,7.294,0.0,2.333,4.532,1.615,3.575,1.469,2.459,3.649,2.206,6.752,4.64,2.658,7.163,6.976,3.532,2.205,4.648,1.225,2.86,4.834,3.616,6.496,3.136,1.391,7.147
53.156,5.987,3.556,1.265,2.409,6.796,0.444,0.605,0.625,1.24,0.917,1.727,2.228,4.275,0.666,4.429,1.292,0.695,1.923,0.481,1.022,0.515,0.594,0.86,4.962,4.725,0.886,0.761,0.238,0.35,1.386,0.713,0.465,3.339,2.162,1.528,0.928,0.619,0.787,1.44,1.974,0.559,2.097,0.493,1.066,1.211,2.343,2.282,2.783,0.31,3.314,2.707,0.542,2.244,4.633,3.422,5.799,5.924,6.459,6.418,6.024,1.21,1.156,4.543,1.746,2.278,2.65,3.224,3.375,1.297,0.873,5.623,3.875,1.868,2.659,5.633,2.027,0.0,2.846,0.766,1.991,1.059,0.773,4.275,2.277,5.091,3.603,2.387,6.126,5.315,2.495,1.167,2.962,1.086,2.617,3.148,2.032,5.458,1.45,0.554,5.486
48.15,7.513,6.055,3.764,3.54,8.322,2.431,3.104,3.124,3.739,3.567,3.254,3.358,1.467,3.165,6.809,4.187,3.194,3.054,2.98,3.521,2.656,2.345,3.359,7.462,4.493,3.385,3.26,2.619,2.507,4.281,3.212,2.964,0.531,3.293,2.178,3.806,2.852,3.398,3.205,3.104,3.058,4.596,2.992,3.961,2.127,3.474,4.781,0.106,2.574,0.767,3.837,3.041,2.971,7.132,5.921,8.299,7.451,6.961,7.944,2.563,2.341,1.914,4.311,3.511,4.778,5.149,0.416,0.473,3.304,3.372,5.391,6.374,4.367,5.158,3.568,4.526,2.993,0.0,3.265,3.121,3.558,2.524,6.774,3.408,4.859,5.129,3.518,8.625,3.754,4.994,4.062,0.154,3.585,4.011,0.341,3.162,5.197,1.782,3.053,3.893
49.733,6.37,3.358,1.067,1.861,7.179,0.673,0.988,0.425,0.994,1.147,2.11,2.458,4.504,0.1,4.231,1.676,0.495,1.75,0.281,0.435,0.745,0.824,0.512,4.764,4.955,0.382,0.257,0.467,0.579,1.769,0.515,0.117,3.569,2.392,1.758,1.311,0.849,0.588,1.823,1.744,0.359,1.669,1.053,1.449,1.44,2.853,2.665,3.013,0.539,3.544,2.937,0.342,2.474,4.566,2.994,5.733,6.307,6.842,6.801,6.254,1.44,1.386,4.773,2.13,2.662,3.033,3.454,3.604,1.68,0.79,5.853,3.677,1.439,2.23,5.863,1.598,0.99,3.076,0.0,2.22,0.743,1.003,4.077,1.764,5.321,3.986,2.216,6.509,5.545,2.878,1.55,3.192,0.499,2.418,3.378,2.262,5.842,1.679,0.218,5.716
48.039,6.731,3.585,0.726,0.419,7.539,1.649,2.322,0.812,2.957,2.785,2.471,0.237,4.271,2.383,3.809,3.405,1.182,0.757,0.967,1.677,1.873,1.562,1.015,4.991,4.962,2.603,2.477,1.837,1.725,3.498,2.43,2.181,3.336,0.294,1.764,3.023,2.069,0.836,2.423,0.542,0.966,2.148,2.21,3.179,1.447,0.474,3.999,2.78,1.792,3.311,0.838,1.029,1.564,6.349,3.562,7.516,6.668,7.203,7.162,6.261,0.817,1.132,4.78,2.729,3.995,4.367,3.221,3.371,2.522,2.589,5.86,3.904,3.584,2.799,5.869,2.167,2.21,2.843,2.483,0.0,1.984,0.7,4.304,0.286,5.328,4.347,0.518,7.843,5.552,4.211,3.28,2.959,1.74,1.012,3.145,0.163,5.666,1.446,1.447,5.723
49.734,6.123,3.54,1.067,1.861,6.932,1.228,0.741,1.022,0.747,1.231,1.863,3.012,5.059,0.522,4.413,1.428,1.092,1.751,0.878,0.188,1.3,1.379,0.712,4.946,5.485,0.937,0.812,1.022,1.134,1.522,0.516,1.249,4.124,2.947,2.313,1.064,1.291,1.185,1.576,1.745,0.957,1.422,0.806,1.202,1.995,2.854,2.418,3.567,1.094,4.098,3.259,0.939,3.029,4.319,2.747,5.486,6.06,6.595,6.554,6.784,1.995,1.941,5.303,1.882,2.414,2.786,4.008,4.159,1.433,0.543,6.383,3.859,1.192,1.983,6.393,1.351,1.432,3.631,0.622,2.775,0.0,1.558,4.259,1.765,5.851,3.739,2.217,6.262,6.075,2.631,1.303,3.747,0.124,2.419,3.933,2.816,5.594,2.234,0.418,6.246
48.742,6.595,3.547,1.114,0.806,7.403,0.45,1.123,0.655,1.758,1.184,2.335,0.463,4.135,1.184,4.513,1.81,0.884,0.135,0.67,1.54,0.675,0.303,0.717,4.953,4.825,1.404,1.279,0.638,0.526,1.904,1.231,0.983,3.199,0.997,1.628,1.067,0.871,0.539,2.286,0.249,0.749,2.11,1.011,1.584,1.311,1.178,2.8,2.643,0.593,3.174,1.542,0.731,1.427,5.151,3.524,6.318,6.532,7.066,7.026,6.124,0.68,0.995,4.643,2.593,2.797,3.168,3.084,3.235,2.385,1.391,5.723,3.866,2.386,2.761,5.733,2.129,1.012,2.707,1.284,0.825,1.577,0.0,4.266,0.648,5.191,4.211,1.222,6.644,5.415,3.013,1.685,2.823,1.604,1.716,3.009,0.867,5.53,1.31,1.072,5.586
52.297,9.922,0.719,3.631,4.425,10.731,4.427,4.54,4.014,4.546,5.03,5.662,4.514,8.258,4.412,1.53,5.227,4.483,4.314,4.268,4.059,4.499,4.578,4.102,2.785,8.709,4.736,4.611,4.221,4.333,5.321,4.585,4.533,7.323,5.791,5.512,4.863,4.603,4.373,5.375,4.308,4.169,3.709,4.605,5.001,5.194,5.417,6.217,6.766,4.293,7.297,5.823,4.33,7.061,8.118,5.123,9.285,9.859,10.394,10.353,10.008,5.194,6.629,8.527,5.682,6.214,6.585,7.207,7.358,5.232,4.342,9.607,0.977,4.991,4.36,9.617,3.728,4.743,6.83,4.512,5.697,4.366,4.757,0.0,4.328,9.075,7.538,4.781,10.061,9.299,6.43,5.102,6.946,4.123,4.983,7.132,5.738,9.394,5.433,3.96,9.47
48.368,7.06,3.324,0.465,0.158,7.869,1.978,1.899,0.551,1.974,3.114,2.8,0.186,4.601,1.549,4.197,2.586,0.991,0.706,0.777,1.416,2.202,1.892,1.328,4.731,5.291,2.165,2.039,1.447,2.054,2.679,2.007,1.758,3.665,0.623,2.094,2.01,2.399,0.785,2.752,0.491,0.705,1.887,1.787,2.36,1.776,0.803,3.576,3.109,2.121,3.64,1.167,0.838,1.893,5.546,3.301,6.713,6.997,7.532,7.491,6.59,1.146,1.461,5.109,3.058,3.572,3.944,3.55,3.701,2.851,1.77,6.189,3.643,2.42,2.538,6.199,1.906,2.539,3.172,1.65,0.329,1.723,0.648,4.043,0.0,5.657,4.676,0.848,7.42,5.881,3.789,2.461,3.288,1.48,1.341,3.474,0.492,5.995,1.776,1.186,6.052
50.883,3.626,8.236,5.944,5.72,3.703,4.612,5.248,5.304,5.635,4.696,4.383,5.539,4.291,5.346,8.989,5.317,5.375,5.234,5.16,5.664,4.836,4.525,6.188,9.642,0.677,5.529,5.404,4.8,4.688,5.41,5.393,5.144,4.205,5.473,3.732,4.935,5.199,5.578,4.334,5.285,5.239,6.74,5.398,5.09,4.521,5.654,6.769,4.894,4.755,4.441,6.018,5.221,5.555,9.028,8.065,10.195,3.563,3.013,4.057,1.772,4.521,4.467,0.737,4.641,6.765,7.137,3.917,4.646,4.433,5.516,0.542,8.555,6.511,7.302,1.381,6.67,5.34,4.335,5.446,5.302,5.972,4.704,8.954,5.588,0.0,3.793,5.698,6.921,0.234,6.982,5.192,4.181,5.728,6.192,3.995,5.343,1.249,4.761,5.234,0.405
51.899,2.755,6.662,4.444,4.654,3.564,3.546,3.051,3.804,3.438,2.499,1.784,4.473,6.52,3.821,7.534,3.12,3.874,4.168,3.66,3.467,3.77,3.459,3.991,8.068,3.027,3.332,3.207,3.417,3.622,3.213,3.892,3.644,5.584,4.407,3.02,2.738,3.002,4.513,2.137,4.219,3.739,4.543,3.201,2.893,2.998,4.588,4.572,5.028,3.689,5.559,4.952,3.721,4.489,6.831,5.868,7.998,2.692,3.227,3.186,4.609,3.455,3.401,2.992,2.084,4.568,4.94,5.469,5.62,2.236,3.319,4.208,6.981,4.314,5.105,4.218,4.473,3.143,5.091,3.921,4.236,3.775,3.639,7.38,4.522,3.676,0.0,4.632,6.05,3.9,4.785,2.995,5.207,3.531,5.126,5.393,4.277,2.226,3.695,3.697,4.071
47.534,7.079,4.139,1.15,0.967,7.888,1.997,2.67,1.568,2.789,3.133,2.819,0.785,4.62,2.364,3.304,3.753,1.73,1.305,1.516,2.23,2.221,1.911,2.142,5.545,5.31,2.951,2.826,2.185,2.073,3.846,2.778,2.53,3.684,0.642,2.113,3.371,2.418,1.384,2.771,1.091,1.722,2.702,2.558,3.527,1.795,0.268,4.347,3.128,2.14,3.659,0.674,1.577,1.912,6.697,4.116,7.864,7.016,7.551,7.51,6.609,1.165,1.48,5.128,3.077,4.343,4.715,3.569,3.72,2.87,2.585,6.208,3.814,3.234,3.352,6.218,2.72,2.558,3.191,2.464,0.548,2.537,1.222,4.857,0.835,5.676,4.695,0.0,8.191,5.9,4.56,3.628,3.307,2.294,0.507,3.493,0.589,6.014,1.795,2.0,6.071
56.063,3.49,9.278,7.06,8.205,3.434,6.239,5.667,6.42,6.055,6.167,6.526,8.024,10.07,6.437,10.151,6.091,6.491,7.719,6.276,6.084,6.311,6.39,6.608,10.684,6.272,5.948,5.823,6.033,6.145,6.185,6.509,6.26,9.135,7.958,7.296,5.963,6.228,6.583,6.239,7.77,6.355,7.159,5.817,5.865,7.273,8.139,3.844,8.579,6.105,9.109,8.503,6.338,8.04,9.447,8.484,10.614,2.721,4.125,3.921,7.854,7.006,6.952,6.237,6.545,4.007,3.553,9.02,9.17,6.096,5.935,7.453,9.597,6.93,7.721,7.463,7.089,6.368,8.642,6.537,7.786,6.391,6.569,9.997,8.073,6.921,6.167,8.183,0.0,7.145,3.921,5.966,8.758,6.148,8.412,8.944,7.828,5.471,7.245,6.313,7.316
32.743,3.85,8.46,6.168,5.945,4.847,4.836,5.472,5.528,5.859,4.92,4.607,5.763,3.71,5.57,9.213,5.541,5.599,5.458,5.384,5.889,5.06,4.749,6.412,9.866,0.901,5.753,5.628,5.024,4.912,5.634,5.617,5.368,3.624,5.697,3.956,5.159,5.423,5.803,4.558,5.509,5.463,6.964,5.622,5.315,4.746,5.878,6.993,3.821,4.979,3.86,6.242,5.446,5.779,9.252,8.289,10.419,3.787,4.699,5.087,1.192,4.745,4.691,0.961,4.865,6.989,7.361,3.336,4.065,4.657,5.74,0.557,8.779,6.735,7.526,0.8,6.894,5.564,3.754,5.67,5.526,6.196,4.929,9.179,5.812,0.234,4.017,5.922,8.282,0.0,7.206,5.416,3.6,5.952,6.416,3.414,5.567,1.473,4.985,5.458,0.192
56.299,7.155,5.647,3.429,4.574,7.302,2.608,2.036,2.789,2.423,2.536,2.895,4.392,6.439,2.806,6.52,2.46,2.859,4.088,2.645,2.453,2.68,2.759,2.977,7.053,6.517,2.317,2.192,2.402,2.514,2.553,2.878,2.629,5.504,4.327,3.664,2.332,2.596,2.952,2.608,4.139,2.724,3.528,2.186,2.234,3.642,4.508,0.255,4.947,2.474,5.478,4.871,2.706,4.409,3.391,4.853,4.558,6.589,7.627,7.586,7.816,3.375,3.321,6.334,2.914,0.216,2.975,5.388,5.539,2.464,2.304,7.414,5.966,3.299,4.09,7.424,3.458,2.737,5.011,2.906,4.155,2.76,2.938,6.366,4.442,6.882,4.771,4.552,3.921,7.107,0.0,2.335,5.127,2.516,4.781,5.313,4.196,6.626,3.614,2.682,7.277
54.616,5.472,4.319,2.102,3.616,6.28,1.281,0.708,1.461,1.096,0.853,1.212,3.434,5.481,1.478,5.192,0.143,1.532,3.129,1.318,1.125,1.352,1.431,1.649,5.725,4.834,0.99,0.864,1.075,1.187,0.215,1.55,1.302,4.545,3.369,1.981,0.649,0.913,1.624,0.925,3.18,1.396,2.201,0.858,0.285,1.959,3.549,2.229,3.989,1.147,4.52,3.913,1.379,3.45,4.488,3.526,5.655,5.409,5.944,5.903,6.133,2.417,2.362,4.651,1.231,2.226,2.597,4.43,4.581,0.781,0.976,5.731,4.638,1.971,2.762,5.741,2.13,1.054,4.053,1.579,3.197,1.432,1.61,5.038,3.483,5.199,3.088,3.594,6.073,5.424,2.442,0.0,4.168,1.189,4.087,4.354,3.238,4.943,2.656,1.355,5.594
47.996,7.629,6.171,3.879,3.656,8.437,2.547,3.22,3.239,3.855,3.683,3.369,3.474,1.313,3.281,6.924,4.303,3.31,3.169,3.095,3.636,2.771,2.461,3.475,7.577,4.608,3.501,3.376,2.735,2.623,4.396,3.328,3.079,0.377,3.409,2.294,3.921,2.968,3.514,3.321,3.22,3.174,4.712,3.108,4.077,2.243,3.589,4.897,0.244,2.69,0.613,3.953,3.157,3.086,7.247,6.037,8.414,7.566,7.077,8.06,2.408,2.457,2.03,4.426,3.627,4.893,5.265,0.262,0.701,3.42,3.488,4.114,6.49,4.483,5.274,3.413,4.642,3.108,0.154,3.381,3.237,3.674,2.64,6.89,3.523,4.181,5.245,3.633,8.741,3.6,5.11,4.178,0.0,3.7,4.127,0.186,3.278,5.313,1.898,3.169,3.738
49.808,5.999,3.416,1.142,1.936,6.807,1.104,0.617,0.898,0.622,1.106,1.739,2.888,4.935,0.417,4.289,1.304,0.968,1.825,0.754,0.064,1.175,1.254,0.588,4.822,5.36,0.813,0.688,0.898,1.01,1.397,0.59,1.125,3.999,2.823,2.188,0.94,1.167,1.06,1.452,1.819,0.832,1.297,0.682,1.078,1.871,2.928,2.294,3.443,0.97,3.974,3.334,0.815,2.904,4.194,2.622,5.361,5.936,6.471,6.43,6.659,1.871,1.816,5.178,1.758,2.29,2.662,3.884,4.035,1.308,0.418,6.258,3.735,1.068,1.859,6.268,1.227,1.308,3.507,0.517,2.651,0.244,1.433,4.135,1.839,5.726,3.615,2.292,6.138,5.95,2.507,1.179,3.622,0.0,2.494,3.809,2.692,5.47,2.11,0.293,6.121
47.196,7.556,4.41,1.421,1.444,8.365,2.474,3.147,1.839,3.059,3.61,3.296,1.263,5.097,2.635,2.932,4.23,2.28,1.782,2.065,2.501,2.699,2.388,2.413,5.816,5.787,3.428,3.303,2.662,2.55,4.324,3.255,3.007,4.161,1.119,2.59,3.849,2.895,1.861,3.248,1.568,1.993,2.973,3.035,4.004,2.272,0.745,4.824,3.605,2.617,4.136,0.772,2.127,2.389,7.175,4.386,8.342,7.494,8.028,7.987,7.086,1.642,1.957,5.605,3.554,4.821,5.192,4.046,4.197,3.347,2.855,6.685,3.441,3.505,3.623,6.695,2.991,3.036,3.669,2.735,1.025,2.808,1.699,5.128,1.312,6.153,5.172,0.491,8.668,6.377,5.037,4.105,3.784,2.565,0.0,3.97,1.067,6.491,2.272,2.271,6.548
47.829,6.781,6.357,4.066,3.842,6.858,2.733,3.406,3.425,4.041,3.869,3.555,3.66,1.146,3.467,7.11,4.489,3.496,3.356,3.282,3.823,2.958,2.647,3.661,7.763,3.832,3.687,3.562,2.921,2.809,4.582,3.514,3.266,0.21,3.595,2.48,4.107,3.154,3.7,3.507,3.406,3.36,4.898,3.294,4.263,2.429,3.775,5.083,0.408,2.876,0.446,4.139,3.343,3.273,7.434,6.223,8.6,6.718,6.168,7.212,2.222,2.643,2.216,3.892,3.813,5.079,5.451,0.076,0.652,3.606,3.674,3.928,6.676,4.669,5.46,3.227,4.828,3.294,0.341,3.567,3.423,3.86,2.826,7.076,3.709,3.995,5.431,3.82,8.927,3.414,5.296,4.364,0.186,3.886,4.313,0.0,3.464,4.404,2.084,3.355,3.552
47.896,6.724,3.778,1.411,0.612,7.532,1.642,2.314,1.004,2.949,2.777,2.464,0.43,4.264,2.375,3.666,3.398,1.374,0.95,1.16,2.731,1.866,1.555,1.207,5.184,4.955,2.596,2.47,1.83,1.718,3.491,2.422,2.174,3.329,0.286,1.757,3.016,2.062,1.029,2.415,0.735,1.159,2.341,2.203,3.171,1.44,0.331,3.991,2.772,1.785,3.303,0.551,1.221,1.556,6.342,3.755,7.509,6.661,7.195,7.155,6.253,0.809,1.124,4.772,2.722,3.988,4.359,3.213,3.364,2.514,2.582,5.852,4.176,3.577,2.991,5.862,2.359,2.203,2.836,2.476,0.193,2.768,0.866,4.497,0.479,5.32,4.34,0.376,7.835,5.545,4.204,3.273,2.952,2.795,0.869,3.138,0.0,5.659,1.439,2.264,5.715
52.24,2.176,8.634,6.283,6.059,2.985,4.95,5.023,5.643,5.411,4.472,3.757,5.877,4.7,5.684,9.327,5.092,5.713,5.573,5.499,5.44,5.175,4.864,5.964,10.04,0.6,5.305,5.179,5.138,5.026,5.185,5.731,5.483,4.614,5.812,4.07,4.71,4.975,5.917,4.11,5.623,5.577,6.516,5.173,4.866,4.86,5.992,6.544,5.233,5.093,4.85,6.356,5.56,5.893,8.803,7.841,9.97,2.113,2.096,2.607,2.182,4.86,4.805,0.766,4.056,6.541,6.912,4.326,5.056,4.209,5.291,1.781,8.953,6.286,7.077,1.791,6.445,5.115,4.745,5.784,5.64,5.747,5.043,9.353,5.926,1.249,2.344,6.037,5.471,1.473,6.757,4.967,4.59,5.504,6.53,4.404,5.681,0.0,5.099,5.572,1.644
52.778,6.117,4.659,2.367,2.143,6.925,1.035,1.707,1.727,2.342,2.17,1.857,1.962,3.211,1.768,5.412,2.791,1.797,1.657,1.583,2.124,1.259,0.948,1.962,6.065,4.348,1.989,1.863,1.223,1.111,2.884,1.815,1.567,2.275,1.896,0.847,2.409,1.455,2.001,1.808,1.708,1.662,3.2,1.596,2.564,0.833,2.077,3.384,1.719,1.178,2.25,2.441,1.644,1.748,5.735,4.525,6.902,6.054,6.588,6.548,4.306,0.944,0.517,4.165,2.115,3.381,3.752,2.16,2.311,1.907,1.975,5.245,4.978,2.97,3.761,5.255,3.129,1.596,1.782,1.869,1.724,2.161,1.127,5.377,2.011,4.713,3.733,2.121,7.229,4.938,3.597,2.666,1.898,2.188,2.615,2.084,1.766,5.052,0.0,1.657,5.108
49.515,6.165,3.14,0.848,1.642,6.973,0.619,0.782,0.604,0.788,1.272,1.905,2.403,4.45,0.363,4.013,1.47,0.675,1.532,0.46,0.23,0.691,0.769,0.294,4.546,4.901,0.979,0.853,0.413,0.525,1.563,0.297,0.725,3.514,2.338,1.704,1.105,0.795,0.767,1.617,1.526,0.539,1.463,0.848,1.244,1.386,2.635,2.46,2.958,0.485,3.489,3.04,0.522,2.419,4.36,2.788,5.527,6.102,6.636,6.596,6.2,1.386,1.331,4.719,1.924,2.456,2.828,3.399,3.55,1.474,0.584,5.799,3.459,1.234,2.025,5.809,1.393,0.935,3.022,0.464,2.166,0.537,0.949,3.859,1.546,5.267,3.781,1.998,6.304,5.491,2.672,1.345,3.138,0.293,2.2,3.324,2.207,5.636,1.625,0.0,5.662
32.595,4.021,8.631,6.339,6.115,4.7,5.007,5.643,5.699,6.03,5.091,4.778,5.934,3.848,5.741,9.384,5.712,5.769,5.629,5.555,6.059,5.231,4.92,6.583,10.037,1.072,5.924,5.799,5.195,5.083,5.805,5.788,5.539,3.762,5.868,4.127,5.33,5.594,5.973,4.729,5.68,5.634,7.135,5.793,5.485,4.916,6.049,7.164,3.96,5.15,3.998,6.413,5.616,5.95,9.423,8.46,10.59,3.958,4.551,4.939,1.33,4.916,4.862,1.132,5.036,7.16,7.532,3.474,4.204,4.828,5.911,0.41,8.95,6.906,7.697,0.939,7.065,5.735,3.893,5.841,5.697,6.367,5.099,9.349,5.983,0.405,4.188,6.093,8.134,0.192,7.377,5.586,3.738,6.123,6.587,3.552,5.738,1.644,5.156,5.629,0.0
