trip,stop,bin_id,fill_current_pct,kg_to_collect,days_until_overflow,cum_km
1,1,663,4.0,1.6,3.7750688163586315,2.97
1,2,1347,9.0,3.6,4.370797310278578,3.94
1,3,666,40.0,16.0,3.2573289902280127,5.01
1,4,1923,50.0,20.0,1.9135093761959434,5.14
1,5,3388,23.0,9.2,3.5863996273870518,6.08
1,6,3387,52.0,20.8,1.7454545454545454,7.96
1,7,670,24.0,9.6,10.284167794316645,8.22
1,8,669,34.0,13.6,2.5522041763341066,8.32
1,9,667,100.0,40.0,0.0,8.94
1,10,668,83.0,33.2,0.6439393939393939,9.56
1,11,3386,0.0,1.0,2.857142857142857,9.66
1,12,6578,1.0,1.0,4.283859800951969,12.53
1,13,689,24.0,9.6,2.1714285714285713,13.13
1,14,7494,60.0,24.0,1.3183915622940012,14.81
1,15,1349,47.0,37.6,1.5142857142857142,15.63
1,16,3259,53.0,21.2,2.011125374411639,16.66
1,17,3399,23.0,9.2,2.644230769230769,17.19
1,18,4209,17.0,6.8,2.3714285714285714,18.17
1,19,687,24.0,9.6,2.229392783807568,18.53
1,20,678,38.0,15.2,3.6214953271028034,20.14
1,21,3385,21.0,8.4,3.5974499089253187,20.34
1,22,3384,21.0,8.4,4.091144484722942,20.57
1,23,679,6.0,2.4,7.742998352553542,20.72
1,24,3383,23.0,9.2,4.294478527607362,21.02
1,25,685,34.0,13.6,1.8857142857142857,22.56
1,26,683,37.0,14.8,3.551296505073281,22.82
1,27,2643,50.0,20.0,1.6345210853220007,23.2
1,28,9926,45.0,18.0,2.3099538009239815,23.49
1,29,682,4.0,1.6,4.43213296398892,23.82
1,30,504,1.0,1.0,4.852941176470589,25.99
1,31,501,72.0,28.8,1.0313075506445673,26.35
1,32,499,20.0,8.0,3.6613272311212812,28.15
1,33,6276,12.0,4.8,3.7526652452025586,28.33
1,34,4318,99.0,39.6,0.034376074252320386,31.78
1,35,3381,9.0,3.6,4.329210275927688,31.9
1,36,497,0.0,1.0,10.718113612004288,32.23
1,37,495,90.0,36.0,0.39093041438623927,32.55
1,38,494,72.0,28.8,1.273306048203729,32.94
1,39,1495,27.0,10.8,3.384330088085304,33.59
1,40,1766,30.0,12.0,3.8845726970033296,33.92
1,41,8364,100.0,40.0,0.0,34.72
1,42,493,16.0,6.4,3.981042654028436,34.91
1,43,8366,30.0,12.0,3.087781208645787,35.28
1,44,477,100.0,40.0,0.0,38.22
1,45,4165,65.0,26.0,1.274117218784128,38.5
1,46,478,100.0,40.0,0.0,38.96
1,47,9549,87.0,34.8,0.6363191385217817,39.29
1,48,1364,60.0,24.0,1.1428571428571428,39.47
1,49,3380,60.0,24.0,2.157497303128371,40.1
1,50,2061,100.0,40.0,0.0,43.23
1,51,3913,100.0,40.0,0.0,43.71
1,52,6244,0.0,1.0,15.723270440251572,45.29
1,53,3890,99.0,39.6,0.030229746070133012,45.77
1,54,735,100.0,40.0,0.0,45.96
1,55,3910,97.0,38.8,0.11086474501108648,46.13
1,56,268,73.0,58.4,2.1011673151750974,46.24
1,57,2622,48.0,19.2,1.7397122783539645,46.4
1,58,5172,34.0,13.6,1.9463285166617519,46.81
1,59,3909,0.0,1.0,4.868549172346641,47.01
1,60,6242,11.0,4.4,9.88888888888889,47.65
1,61,1814,57.0,22.8,1.3325069724202043,48.28
1,62,3901,55.0,22.0,1.6146393972012916,49.67
1,63,272,26.0,10.4,3.952991452991453,49.85
1,64,7159,86.0,34.4,0.684931506849315,50.29
1,65,8294,45.0,18.0,6.117908787541713,52.08
1,66,304,50.0,20.0,2.920560747663551,52.39
1,67,3881,45.0,18.0,2.531063046479521,53.45
1,68,305,23.0,9.2,3.2863849765258215,54.54
1,69,3973,26.0,10.4,2.931854199683043,54.79
1,70,8876,100.0,80.0,0.0,57.44
1,71,3962,75.0,30.0,2.4015369836695486,59.07
1,72,3961,37.0,14.8,4.205607476635514,59.38
1,73,3960,61.0,24.4,2.417854928704278,59.54
1,74,302,99.0,39.6,0.046641791044776115,59.75
1,75,3963,35.0,14.0,4.7688921496698455,60.73
1,76,311,19.0,7.6,3.1752254018032144,61.17
1,77,3964,100.0,40.0,0.0,62.41
1,78,3967,23.0,9.2,3.8732394366197185,62.66
1,79,3968,26.0,10.4,4.030501089324619,62.87
1,80,6251,71.0,28.4,1.8308080808080809,63.03
1,81,2581,50.0,20.0,1.78826895565093,64.66
1,82,299,89.0,35.6,0.7965242577842143,65.0
1,83,8297,100.0,40.0,0.0,65.23
1,84,6253,62.0,24.8,2.357320099255583,66.61
1,85,2115,0.0,1.0,8.680555555555555,66.8
1,86,293,0.0,1.0,6.747638326585695,68.23
1,87,3975,100.0,40.0,0.0,68.66
1,88,8293,48.0,19.2,2.3455119530897606,70.26
1,89,292,70.0,28.0,1.016260162601626,72.13
1,90,6236,86.0,34.4,0.5405405405405406,72.84
1,91,2666,2.0,1.0,9.959349593495935,73.99
1,92,3931,23.0,9.2,7.929969104016477,74.56
1,93,5442,2.0,1.6,6.843575418994413,74.71
1,94,312,52.0,20.8,3.168316831683168,75.02
1,95,3930,57.0,22.8,1.452212090509963,75.11
1,96,2751,48.0,19.2,6.815203145478375,75.57
1,97,1864,23.0,9.2,9.846547314578006,75.72
1,98,332,16.0,12.8,27.54098360655738,76.16
1,99,3192,100.0,40.0,0.0,76.75
1,100,3929,33.0,13.2,2.1009720915647536,76.91
1,101,6255,41.0,16.4,2.2762345679012346,77.33
1,102,1611,50.0,20.0,1.8698578908002992,77.53
1,103,313,54.0,21.6,5.209513023782559,77.8
1,104,3928,23.0,9.2,6.730769230769231,77.9
1,105,2667,23.0,9.2,7.526881720430107,78.15
1,106,2783,47.0,18.8,13.054187192118228,78.57
1,107,2877,39.0,15.6,5.99803343166175,78.81
1,108,3926,0.0,1.0,8.375209380234507,79.13
1,109,315,23.0,9.2,7.723169508525576,79.31
1,110,2879,20.0,8.0,7.285974499089253,79.42
1,111,2878,22.0,8.8,6.5,79.55
1,112,314,24.0,9.6,9.718670076726342,79.71
1,113,7516,47.0,18.8,4.284559417946645,81.72
1,114,3974,50.0,20.0,3.8910505836575875,82.29
1,115,3652,62.0,24.8,5.731523378582202,82.5
1,116,7520,35.0,14.0,16.209476309226932,82.81
1,117,1880,89.0,35.6,1.1518324607329842,83.07
1,118,3651,0.0,1.0,23.4192037470726,83.34
1,119,5145,22.0,8.8,8.803611738148986,83.88
1,120,6237,0.0,1.0,8.156606851549755,84.38
1,121,6248,45.0,18.0,5.154639175257732,86.69
1,122,3869,29.0,11.6,24.65277777777778,87.51
1,123,338,47.0,37.6,7.142857142857143,87.76
1,124,2576,26.0,10.4,20.498614958448755,88.09
1,125,3654,21.0,8.4,21.01063829787234,89.87
1,126,337,29.0,11.6,5.334335086401202,90.41
1,127,5146,75.0,30.0,7.331378299120234,91.68
1,128,2298,100.0,40.0,0.0,92.29
1,129,6238,47.0,18.8,44.16666666666667,93.13
1,130,6249,0.0,1.0,8.688097306689835,94.73
1,131,2668,87.0,34.8,1.352757544224766,95.13
1,132,8295,23.0,9.2,5.583756345177665,96.26
1,133,3653,52.0,20.8,3.937653814602133,97.28
1,134,2325,40.0,16.0,21.352313167259787,98.12
1,135,2784,50.0,20.0,12.437810945273633,99.06
1,136,7506,0.0,1.0,5.882352941176471,99.56
1,137,7519,81.0,32.4,2.461139896373057,100.91
1,138,7518,50.0,20.0,4.0,102.28
1,139,333,50.0,40.0,5.186721991701244,102.73
1,140,7521,38.0,15.2,3.583815028901734,102.9
1,141,7517,27.0,10.8,12.106135986733001,103.45
1,142,1463,85.0,34.0,0.6072874493927126,103.53
1,143,6257,38.0,15.2,2.4294670846394983,105.71
1,144,1233,25.0,20.0,7.637474541751527,106.88
1,145,3927,23.0,9.2,7.136237256719185,107.31
1,146,316,74.0,59.2,2.272727272727273,107.5
1,147,3932,32.0,12.8,5.510534846029174,108.09
1,148,3933,50.0,20.0,11.820330969267138,108.2
1,149,322,65.0,26.0,3.2110091743119265,108.49
1,150,2579,50.0,20.0,1.8740629685157422,108.62
1,151,1610,57.0,22.8,3.9888682745825603,108.78
1,152,331,100.0,40.0,0.0,109.15
1,153,803,46.0,18.4,5.532786885245902,111.01
1,154,4080,100.0,80.0,0.0,111.45
1,155,4408,37.0,14.8,5.3164556962025316,111.61
1,156,8296,52.0,20.8,2.838557066824364,114.83
1,157,2577,16.0,6.4,13.104524180967239,115.12
1,158,6235,16.0,6.4,10.181818181818182,115.72
1,159,7513,74.0,29.6,7.202216066481995,117.21
1,160,9869,28.0,11.2,13.308687615526802,117.57
1,161,342,12.0,4.8,18.333333333333336,118.0
1,162,6067,18.0,7.2,22.714681440443215,118.19
1,163,1613,18.0,7.2,13.621262458471762,122.07
1,164,2873,35.0,14.0,5.508474576271186,122.22
1,165,3949,4.0,1.6,13.597733711048159,122.49
1,166,329,26.0,10.4,7.452165156092649,123.49
1,167,3942,48.0,19.2,4.714415231187671,123.62
1,168,3943,23.0,9.2,9.344660194174757,123.83
1,169,1813,21.0,8.4,18.457943925233643,124.28
1,170,3656,38.0,15.2,7.021517553793885,124.43
1,171,3941,21.0,8.4,4.545454545454546,124.59
1,172,1612,100.0,40.0,0.0,125.86
1,173,3958,90.0,36.0,0.8396305625524769,126.13
1,174,326,89.0,35.6,1.4884979702300407,129.27
1,175,6915,79.0,31.6,0.7749077490774907,129.94
2,176,2015,36.0,14.4,2.6240262402624026,13.74
2,177,513,50.0,20.0,1.8733608092918694,14.08
2,178,486,17.0,6.8,2.693056456846204,15.33
2,179,485,25.0,10.0,5.643340857787811,17.29
2,180,484,96.0,38.4,0.19493177387914232,18.1
2,181,4224,53.0,21.2,2.122854561878952,18.53
2,182,8263,100.0,40.0,0.0,18.75
2,183,488,100.0,40.0,0.0,19.27
2,184,3894,100.0,40.0,0.0,22.29
2,185,3893,50.0,20.0,3.4626038781163437,22.57
2,186,3922,100.0,40.0,0.0,22.98
2,187,1792,74.0,29.6,1.076158940397351,23.28
2,188,2274,99.0,39.6,0.03640334910811795,23.85
2,189,6243,10.0,4.0,5.334914048606994,25.58
2,190,7501,5.0,2.0,6.780870806566738,25.94
2,191,263,100.0,40.0,0.0,27.14
2,192,7477,67.0,26.8,1.4379084967320261,27.54
2,193,7515,30.0,12.0,4.810996563573883,29.6
2,194,6258,76.0,30.4,2.183803457688808,30.66
2,195,291,4.0,1.6,6.079797340088664,32.28
2,196,290,72.0,28.8,0.9579199452617174,32.58
2,197,3957,50.0,20.0,2.1258503401360547,33.01
2,198,6254,8.0,3.2,4.125560538116591,34.33
2,199,321,4.0,1.6,13.892908827785817,34.83
2,200,7514,9.0,3.6,10.033076074972437,35.45
2,201,3939,24.0,9.6,4.1214750542299345,35.69
2,202,3938,28.0,11.2,9.125475285171103,35.86
2,203,320,30.0,12.0,6.944444444444445,36.02
2,204,3937,24.0,9.6,7.892004153686396,36.11
2,205,3969,81.0,32.4,2.2565320665083135,36.43
2,206,3940,32.0,12.8,4.298356510745891,36.57
2,207,1874,8.0,3.2,14.696485623003195,36.79
2,208,319,0.0,1.0,7.955449482895784,36.97
2,209,2578,8.0,3.2,11.76470588235294,37.04
2,210,4347,34.0,13.6,2.687296416938111,37.18
2,211,1462,1.0,1.0,9.90990990990991,37.4
2,212,2875,30.0,12.0,7.042253521126761,37.48
2,213,3934,77.0,30.8,3.6565977742448332,37.73
2,214,318,65.0,26.0,4.369538077403246,38.3
2,215,3936,77.0,30.8,3.6450079239302697,38.4
2,216,2876,94.0,37.6,0.8119079837618404,38.55
2,217,3935,4.0,1.6,8.275862068965518,38.65
2,218,317,5.0,2.0,10.204081632653061,38.9
2,219,3551,72.0,57.6,4.087591240875913,39.27
2,220,2062,52.0,20.8,4.6875,39.43
2,221,4458,26.0,10.4,3.711133400200602,39.72
2,222,328,54.0,21.6,1.9246861924686194,39.89
2,223,3945,23.0,9.2,6.0965954077593025,40.44
2,224,3946,4.0,1.6,8.10126582278481,40.6
2,225,8298,48.0,19.2,4.009252120277563,42.52
2,226,2634,5.0,2.0,8.421985815602838,44.54
2,227,9981,34.0,13.6,2.268041237113402,44.85
2,228,9865,10.0,4.0,36.73469387755102,45.87
2,229,6239,48.0,19.2,2.7440633245382586,49.53
2,230,343,40.0,16.0,10.96892138939671,50.78
2,231,7505,50.0,20.0,4.191114836546522,53.2
2,232,1480,34.0,27.2,6.882168925964547,53.21
2,233,5456,2.0,1.6,19.405940594059405,53.36
2,234,8291,24.0,9.6,3.881511746680286,53.53
2,235,9634,0.0,1.0,8.0,53.53
2,236,3948,46.0,18.4,1.542857142857143,54.38
2,237,2112,50.0,20.0,2.1450021450021453,54.59
2,238,2322,0.0,1.0,8.613264427217915,54.81
2,239,3947,24.0,9.6,11.515151515151516,54.91
2,240,6066,0.0,1.0,13.35113484646195,55.05
2,241,8578,0.0,1.0,20.0,55.2
2,242,2324,1.0,1.0,11.633372502937721,56.09
2,243,3950,100.0,40.0,0.0,56.54
2,244,2848,70.0,28.0,1.408450704225352,60.52
2,245,266,35.0,14.0,2.333931777378815,61.09
2,246,2173,78.0,31.2,0.9900990099009902,62.63
2,247,6165,96.0,38.4,0.1673640167364017,64.0
2,248,6250,75.0,30.0,2.3169601482854496,66.37
2,249,306,48.0,19.2,2.364711232378354,66.66
2,250,301,45.0,18.0,1.5714285714285714,70.34
2,251,3966,100.0,40.0,0.0,70.58
2,252,296,52.0,20.8,1.9354838709677418,74.25
2,253,295,97.0,38.8,0.11498658489842851,74.59
2,254,3546,84.0,33.6,0.7383479464697739,74.85
2,255,5457,95.0,76.0,0.19646365422396858,76.11
2,256,297,84.0,33.6,0.7421150278293136,76.31
2,257,2580,38.0,15.2,1.7714285714285714,76.66
2,258,6233,63.0,25.2,1.2776243093922652,78.08
2,259,2114,26.0,10.4,3.9956803455723544,78.77
2,260,1853,46.0,18.4,7.976366322008863,79.18
2,261,2785,50.0,20.0,2.051702913418137,81.94
2,262,294,62.0,24.8,2.0309994655264565,83.42
2,263,2326,67.0,26.8,1.1171293161814488,83.73
2,264,300,45.0,18.0,1.7006802721088434,86.13
2,265,3965,29.0,11.6,3.6261491317671095,86.38
2,266,3959,23.0,9.2,3.064066852367688,86.63
2,267,2195,62.0,24.8,1.5163607342378294,86.82
2,268,1122,76.0,60.8,0.8915304606240713,87.39
2,269,1346,45.0,18.0,3.0420353982300887,87.57
2,270,2063,51.0,40.8,2.4293505205751114,88.06
2,271,10245,49.0,19.6,21.42857142857143,91.61
2,272,9026,27.0,10.8,8.528037383177569,91.88
2,273,310,50.0,20.0,3.6049026676279743,96.62
2,274,309,9.0,3.6,5.167518455423055,101.19
2,275,3972,50.0,20.0,2.8392958546280522,102.46
2,276,308,49.0,19.6,3.5739313244569026,104.2
2,277,6234,49.0,19.6,3.648068669527897,104.63
2,278,7512,87.0,34.8,0.5871725383920505,105.04
2,279,307,100.0,40.0,0.0,105.29
2,280,2621,35.0,14.0,3.1784841075794623,106.39
2,281,3906,84.0,33.6,0.8602150537634408,107.56
2,282,6948,50.0,20.0,1.8456995201181248,108.52
2,283,2296,100.0,40.0,0.0,109.26
2,284,3898,33.0,13.2,4.090354090354091,110.74
2,285,3905,64.0,25.6,1.1826544021024967,110.87
2,286,3924,100.0,40.0,0.0,111.1
2,287,5642,45.0,18.0,1.7421602787456445,111.61
2,288,2721,100.0,40.0,0.0,111.8
2,289,3907,100.0,40.0,0.0,112.35
2,290,2703,100.0,40.0,0.0,112.82
2,291,335,67.0,26.8,1.0054844606946984,113.79
2,292,3911,40.0,16.0,3.685503685503685,114.84
2,293,5144,75.0,30.0,0.9838646202282566,115.87
2,294,270,23.0,9.2,3.423743886171632,116.52
2,295,7483,100.0,40.0,0.0,118.59
2,296,3908,31.0,12.4,2.8488852188274154,118.97
2,297,2957,100.0,80.0,0.0,119.54
2,298,2958,68.0,27.2,1.3405948889819856,121.71
2,299,6245,77.0,30.8,0.8866615265998458,122.47
2,300,2022,49.0,19.6,1.640926640926641,122.68
2,301,3912,52.0,20.8,3.0207677784770293,123.17
2,302,271,40.0,32.0,1.7142857142857142,124.09
2,303,269,100.0,80.0,0.0,129.7
2,304,2297,49.0,19.6,1.5848353014294594,130.02
2,305,2023,95.0,38.0,0.18201674554058975,130.19
2,306,3904,88.0,35.2,0.4649360712901976,130.4
2,307,3897,48.0,19.2,1.8985031033223805,130.66
2,308,7484,60.0,24.0,2.43161094224924,130.78
2,309,7488,33.0,13.2,2.8632478632478633,130.94
2,310,1616,96.0,38.4,0.20855057351407716,131.09
2,311,3923,96.0,38.4,0.16246953696181965,132.55
2,312,3888,100.0,40.0,0.0,133.04
2,313,3925,100.0,40.0,0.0,134.62
2,314,1877,0.0,1.0,4.670714619336758,135.44
2,315,3920,17.0,6.8,4.426666666666667,137.82
2,316,1615,0.0,1.0,17.391304347826086,137.95
2,317,3918,91.0,56.4,0.6642066420664207,139.59
2,318,3886,0.0,1.0,44.052863436123346,140.4
2,319,3921,100.0,40.0,0.0,140.83
2,320,3919,85.0,34.0,1.9329896907216495,142.09
2,321,273,100.0,40.0,0.0,142.14
2,322,3887,100.0,40.0,0.0,142.49
2,323,476,100.0,40.0,0.0,144.8
2,324,9829,43.0,17.2,3.36283185840708,148.0
2,325,480,26.0,10.4,3.121045972163644,149.93
2,326,496,8.0,3.2,6.47887323943662,155.4
2,327,4462,23.0,9.2,4.8427672955974845,162.22
2,328,686,19.0,7.6,3.6801453884597906,162.56
2,329,681,56.0,22.4,1.360965047943087,164.59
2,330,680,26.0,10.4,3.5542747358309317,165.1
2,331,6573,0.0,1.0,6.887052341597796,168.09
2,332,664,43.0,17.2,2.1158129175946545,169.47
3,333,7493,42.0,16.8,1.864951768488746,9.93
3,334,507,0.0,1.0,20.04008016032064,10.55
3,335,506,37.0,14.8,3.984819734345351,11.29
3,336,505,20.0,8.0,8.752735229759299,11.95
3,337,498,65.0,41.6,1.4050582095543958,15.99
3,338,9748,48.0,19.2,2.3582766439909295,16.76
3,339,3265,30.0,12.0,3.2771535580524347,19.08
3,340,712,82.0,32.8,0.8683068017366136,19.48
3,341,2140,53.0,21.2,2.052401746724891,23.7
3,342,711,87.0,34.8,0.41653316244793337,24.08
3,343,9924,7.0,2.8,4.084321475625823,25.83
3,344,9925,4.0,1.6,4.773744405768275,26.25
3,345,1575,20.0,8.0,4.501969611705121,27.37
3,346,491,74.0,29.6,1.1738148984198646,29.45
3,347,490,27.0,10.8,4.749512036434613,30.28
3,348,479,68.0,27.2,1.6494845360824744,30.45
3,349,3398,0.0,1.0,23.640661938534276,30.67
3,350,9598,25.0,10.0,6.117455138662317,31.11
3,351,1468,43.0,17.2,2.6003649635036497,31.7
3,352,9575,52.0,20.8,7.339449541284403,33.36
3,353,4382,100.0,40.0,0.0,34.61
3,354,1531,100.0,40.0,0.0,35.31
3,355,8365,100.0,40.0,0.0,35.8
3,356,482,100.0,40.0,0.0,36.1
3,357,483,99.0,39.6,0.05070993914807303,37.44
3,358,2844,53.0,21.2,1.4524103831891224,38.91
3,359,1614,19.0,7.6,8.653846153846155,39.08
3,360,1876,100.0,40.0,0.0,39.43
3,361,2646,100.0,40.0,0.0,39.91
3,362,1669,87.0,34.8,0.7015650296815974,40.47
3,363,3882,97.0,38.8,0.10023387905111927,40.8
3,364,9624,50.0,20.0,2.1222410865874366,41.35
3,365,2960,43.0,17.2,1.8494484101232966,41.62
3,366,280,30.0,12.0,4.38871473354232,41.75
3,367,283,47.0,18.8,2.278589853826311,41.94
3,368,1879,78.0,31.2,0.866482867270579,42.01
3,369,3914,41.0,16.4,2.234848484848485,42.21
3,370,281,95.0,38.0,0.14285714285714285,42.29
3,371,3915,52.0,20.8,1.3714285714285714,42.49
3,372,282,50.0,20.0,1.67000668002672,42.61
3,373,3885,33.0,13.2,2.8317836010143704,42.8
3,374,2293,28.0,11.2,2.8026469443363173,42.96
3,375,2845,34.0,13.6,2.137998056365403,43.15
3,376,2649,98.0,78.4,0.057887120115774245,43.73
3,377,2294,35.0,14.0,3.5135135135135136,43.86
3,378,3883,84.0,33.6,0.7152436298614215,43.97
3,379,3884,20.0,8.0,2.637652489284537,44.59
3,380,1670,23.0,9.2,3.5516605166051662,44.79
3,381,3834,89.0,35.6,0.3142857142857143,44.99
3,382,2702,66.0,26.4,0.9714285714285714,45.13
3,383,2744,42.0,16.8,2.0400984875131902,45.23
3,384,284,98.0,47.0,0.07710100231303006,45.38
3,385,2959,54.0,21.6,1.3142857142857143,45.82
3,386,285,47.0,18.8,1.5142857142857142,45.99
3,387,274,100.0,40.0,0.0,47.12
3,388,3896,43.0,17.2,2.7818448023426066,48.04
3,389,279,49.0,19.6,1.6683022571148185,48.21
3,390,1841,96.0,76.8,0.11428571428571428,48.27
3,391,288,50.0,20.0,1.4285714285714286,48.45
3,392,1834,92.0,73.6,0.2542103590721322,48.94
3,393,1791,100.0,40.0,0.0,49.21
3,394,3878,65.0,26.0,1.2745812090313182,49.46
3,395,278,48.0,19.2,1.4857142857142858,49.71
3,396,2846,96.0,38.4,0.11933174224343675,49.88
3,397,3917,62.0,24.8,3.571428571428571,49.96
3,398,2647,85.0,34.0,0.7720020586721564,51.35
3,399,3902,21.0,8.4,3.6591014358499305,53.18
3,400,289,85.0,34.0,0.9322560596643878,54.55
3,401,3889,88.0,35.2,0.4078857919782461,57.67
3,402,3892,33.0,13.2,5.03380916604057,59.16
3,403,3188,100.0,40.0,0.0,59.7
3,404,277,48.0,19.2,1.8998903909389842,59.78
3,405,3891,19.0,7.6,3.2980456026058635,60.01
3,406,938,98.0,39.2,0.06622516556291391,60.95
3,407,1297,16.0,12.8,2.4,61.96
3,408,2847,65.0,26.0,1.6332244517032197,62.21
3,409,3900,67.0,26.8,1.110363391655451,62.7
3,410,1625,50.0,20.0,2.8042624789680315,63.49
3,411,2810,84.0,33.6,0.8363826450601151,64.14
3,412,267,91.0,36.4,0.3194888178913738,64.47
3,413,3879,19.0,7.6,6.403162055335968,64.72
3,414,3880,23.0,9.2,3.58974358974359,64.87
3,415,264,100.0,40.0,0.0,67.42
3,416,3877,100.0,40.0,0.0,67.8
3,417,3876,100.0,40.0,0.0,68.09
3,418,3916,96.0,38.4,0.15760441292356187,68.66
3,419,3875,13.0,5.2,3.2342007434944238,69.52
3,420,8582,50.0,20.0,3.881987577639751,71.1
3,421,1878,64.0,25.6,1.7707820954254798,71.69
3,422,6949,100.0,40.0,0.0,73.86
3,423,6947,0.0,1.0,10.02004008016032,74.89
3,424,265,100.0,80.0,0.0,75.43
3,425,2323,23.0,9.2,6.091772151898734,78.27
3,426,3956,4.0,1.6,9.16030534351145,78.67
3,427,3955,32.0,12.8,2.4225151407196295,78.77
3,428,3954,38.0,15.2,14.058956916099772,79.19
3,429,3953,5.0,2.0,15.966386554621849,79.37
3,430,3970,77.0,30.8,4.914529914529915,79.56
3,431,2874,81.0,32.4,1.9668737060041408,79.69
3,432,324,96.0,38.4,0.5865102639296187,79.79
3,433,7507,37.0,14.8,3.146853146853147,79.94
3,434,3971,12.0,4.8,16.730038022813687,80.03
3,435,3952,2.0,1.0,9.219190968955784,80.18
3,436,2058,18.0,7.2,12.202380952380953,80.23
3,437,6085,0.0,1.0,20.0,80.5
3,438,4364,19.0,7.6,12.08955223880597,80.57
3,439,6256,0.0,1.0,20.0,80.68
3,440,4274,43.0,34.4,4.538216560509554,80.84
3,441,325,75.0,30.0,7.575757575757576,81.03
3,442,2113,99.0,39.6,0.10288065843621398,81.17
3,443,1875,89.0,35.6,1.5895953757225434,81.37
3,444,3951,82.0,32.8,2.2443890274314215,81.66
3,445,6068,91.0,36.4,0.8144796380090498,82.66
3,446,3808,100.0,40.0,0.0,85.0
3,447,1505,93.0,37.2,0.299017513882956,86.14
3,448,3767,23.0,9.2,3.407079646017699,86.29
3,449,3846,50.0,20.0,1.4285714285714286,88.07
3,450,2257,10.0,4.0,4.643962848297214,89.13
3,451,5676,25.0,10.0,2.9296875,89.45
3,452,262,42.0,16.8,3.9698836413415473,89.77
3,453,3849,83.0,33.2,1.0862619808306708,92.57
3,454,3843,74.0,29.6,1.0272619517977084,92.72
3,455,8262,100.0,40.0,0.0,93.46
3,456,2701,13.0,5.2,2.5159051474840948,95.03
3,457,3841,21.0,8.4,3.4863195057369816,95.23
3,458,4271,18.0,7.2,4.013705335291238,96.23
3,459,514,32.0,12.8,1.9428571428571428,98.86
3,460,516,47.0,18.8,2.091554853985793,100.93
3,461,519,38.0,15.2,2.375478927203065,101.62
3,462,7502,49.0,19.6,1.8305814788226848,102.26
3,463,2826,47.0,18.8,3.5380507343124163,102.3
3,464,2148,0.0,1.0,8.583690987124463,103.08
3,465,3096,30.0,12.0,2.816901408450704,103.41
3,466,522,26.0,20.8,2.7225901398086827,105.96
3,467,9850,14.0,5.6,2.8086218158066623,106.1
3,468,521,45.0,18.0,2.793296089385475,107.63
3,469,2669,60.0,24.0,1.5414258188824663,108.41
3,470,2147,20.0,8.0,4.366812227074235,109.18
3,471,511,0.0,1.0,6.357279084551812,110.46
3,472,2839,29.0,11.6,2.9302517540239372,110.53
3,473,4207,27.0,10.8,3.541969917515769,111.21
3,474,6567,15.0,6.0,5.011792452830188,111.45
3,475,508,21.0,8.4,2.7307293466989284,111.8
3,476,509,25.0,10.0,2.142857142857143,112.0
3,477,520,19.0,7.6,3.1153846153846154,114.54
3,478,523,13.0,5.2,3.592072667217176,116.52
3,479,7474,58.0,23.2,2.31023102310231,119.07
3,480,3868,35.0,14.0,2.2245037645448322,121.71
3,481,225,26.0,10.4,4.719387755102041,121.86
3,482,3382,99.0,39.6,0.040832993058391186,123.26
3,483,675,45.0,18.0,1.5714285714285714,123.35
3,484,1770,0.0,1.0,8.8261253309797,123.58
3,485,674,29.0,11.6,4.683377308707124,123.79
3,486,677,49.0,19.6,3.150092649783817,124.62
3,487,676,50.0,20.0,2.194907813871817,124.9
3,488,3324,22.0,8.8,5.986185725249425,125.06
3,489,6572,0.0,1.0,10.482180293501049,126.65
3,490,672,24.0,9.6,3.437358661239258,127.45
